,features,metric_umap,n_neig_umap,min_d_umap,silhouette,calinski_harabasz,davies_bouldin,cluster_distribution
0,"['glob_eq_tlt_corr', 'glob_eq_gld_corr', 'beta_vol_spread', 'trend_consistency']",euclidean,10,0.01,0.36095643043518066,155.97341918945312,0.6450757870395873,"(np.float64(0.9351851851851852), np.float64(0.06481481481481481))"
1,"['glob_eq_tlt_corr', 'glob_eq_gld_corr', 'beta_vol_spread', 'trend_consistency']",manhattan,10,0.01,0.480812132358551,607.3656616210938,0.8112814093001611,"(np.float64(0.7164351851851852), np.float64(0.2835648148148148))"
2,"['glob_eq_tlt_corr', 'glob_eq_gld_corr', 'beta_vol_spread', 'trend_consistency']",correlation,10,0.01,0.25981640815734863,219.01670837402344,1.0674467640100385,"(np.float64(0.17476851851851852), np.float64(0.8252314814814815))"
3,"['glob_eq_tlt_corr', 'glob_eq_gld_corr', 'beta_vol_spread', 'trend_consistency']",euclidean,10,0.1,0.5028077363967896,71.40741729736328,0.35319655004143385,"(np.float64(0.9884259259259259), np.float64(0.011574074074074073))"
4,"['glob_eq_tlt_corr', 'glob_eq_gld_corr', 'beta_vol_spread', 'trend_consistency']",manhattan,10,0.1,0.4025283455848694,165.51844787597656,0.5140167722597484,"(np.float64(0.9513888888888888), np.float64(0.04861111111111111))"
5,"['glob_eq_tlt_corr', 'glob_eq_gld_corr', 'beta_vol_spread', 'trend_consistency']",correlation,10,0.1,0.35850968956947327,468.1362609863281,1.114613562556799,"(np.float64(0.7048611111111112), np.float64(0.2951388888888889))"
6,"['glob_eq_tlt_corr', 'glob_eq_gld_corr', 'beta_vol_spread', 'trend_consistency']",euclidean,10,0.2,0.4892546236515045,65.96031188964844,0.3713968582650535,"(np.float64(0.9884259259259259), np.float64(0.011574074074074073))"
7,"['glob_eq_tlt_corr', 'glob_eq_gld_corr', 'beta_vol_spread', 'trend_consistency']",manhattan,10,0.2,0.48234254121780396,228.25253295898438,0.44454513198572987,"(np.float64(0.9513888888888888), np.float64(0.04861111111111111))"
8,"['glob_eq_tlt_corr', 'glob_eq_gld_corr', 'beta_vol_spread', 'trend_consistency']",correlation,10,0.2,0.3171533942222595,374.518798828125,1.2737828806893525,"(np.float64(0.30092592592592593), np.float64(0.6990740740740741))"
9,"['glob_eq_tlt_corr', 'glob_eq_gld_corr', 'beta_vol_spread', 'trend_consistency']",euclidean,20,0.01,0.4065067172050476,177.6481170654297,0.49462172171900554,"(np.float64(0.9513888888888888), np.float64(0.04861111111111111))"
10,"['glob_eq_tlt_corr', 'glob_eq_gld_corr', 'beta_vol_spread', 'trend_consistency']",manhattan,20,0.01,0.4183218479156494,151.17361450195312,0.5230507674941851,"(np.float64(0.9513888888888888), np.float64(0.04861111111111111))"
11,"['glob_eq_tlt_corr', 'glob_eq_gld_corr', 'beta_vol_spread', 'trend_consistency']",correlation,20,0.01,0.35975906252861023,482.09381103515625,1.0950228278646503,"(np.float64(0.30439814814814814), np.float64(0.6956018518518519))"
12,"['glob_eq_tlt_corr', 'glob_eq_gld_corr', 'beta_vol_spread', 'trend_consistency']",euclidean,20,0.1,0.3560629189014435,141.94007873535156,0.5628032934703623,"(np.float64(0.9513888888888888), np.float64(0.04861111111111111))"
13,"['glob_eq_tlt_corr', 'glob_eq_gld_corr', 'beta_vol_spread', 'trend_consistency']",manhattan,20,0.1,0.3648199141025543,140.7585906982422,0.5544635519127523,"(np.float64(0.9513888888888888), np.float64(0.04861111111111111))"
14,"['glob_eq_tlt_corr', 'glob_eq_gld_corr', 'beta_vol_spread', 'trend_consistency']",correlation,20,0.1,0.31136763095855713,389.6423034667969,1.394200028314805,"(np.float64(0.39351851851851855), np.float64(0.6064814814814815))"
15,"['glob_eq_tlt_corr', 'glob_eq_gld_corr', 'beta_vol_spread', 'trend_consistency']",euclidean,20,0.2,0.3760557472705841,141.45140075683594,0.5778889154640507,"(np.float64(0.9513888888888888), np.float64(0.04861111111111111))"
16,"['glob_eq_tlt_corr', 'glob_eq_gld_corr', 'beta_vol_spread', 'trend_consistency']",manhattan,20,0.2,0.27180215716362,28.873046875,0.5610086588884915,"(np.float64(0.9884259259259259), np.float64(0.011574074074074073))"
17,"['glob_eq_tlt_corr', 'glob_eq_gld_corr', 'beta_vol_spread', 'trend_consistency']",correlation,20,0.2,0.2841865122318268,369.84796142578125,1.2950090163529409,"(np.float64(0.3136574074074074), np.float64(0.6863425925925926))"
18,"['glob_eq_tlt_corr', 'glob_eq_gld_corr', 'beta_vol_spread', 'trend_consistency']",euclidean,40,0.01,0.32482096552848816,117.98082733154297,0.6005279237254125,"(np.float64(0.9513888888888888), np.float64(0.04861111111111111))"
19,"['glob_eq_tlt_corr', 'glob_eq_gld_corr', 'beta_vol_spread', 'trend_consistency']",manhattan,40,0.01,0.39556804299354553,149.07655334472656,0.5334005038755429,"(np.float64(0.9513888888888888), np.float64(0.04861111111111111))"
20,"['glob_eq_tlt_corr', 'glob_eq_gld_corr', 'beta_vol_spread', 'trend_consistency']",correlation,40,0.01,0.3304833173751831,356.1925354003906,0.9895273892593066,"(np.float64(0.2199074074074074), np.float64(0.7800925925925926))"
21,"['glob_eq_tlt_corr', 'glob_eq_gld_corr', 'beta_vol_spread', 'trend_consistency']",euclidean,40,0.1,0.3309677243232727,127.17620849609375,0.5983784762480794,"(np.float64(0.9513888888888888), np.float64(0.04861111111111111))"
22,"['glob_eq_tlt_corr', 'glob_eq_gld_corr', 'beta_vol_spread', 'trend_consistency']",manhattan,40,0.1,0.3505655825138092,130.77528381347656,0.587958830174093,"(np.float64(0.9513888888888888), np.float64(0.04861111111111111))"
23,"['glob_eq_tlt_corr', 'glob_eq_gld_corr', 'beta_vol_spread', 'trend_consistency']",correlation,40,0.1,0.3640459477901459,548.1107788085938,1.1861137668187243,"(np.float64(0.41087962962962965), np.float64(0.5891203703703703))"
24,"['glob_eq_tlt_corr', 'glob_eq_gld_corr', 'beta_vol_spread', 'trend_consistency']",euclidean,40,0.2,0.29839253425598145,116.09033966064453,0.6445355989451802,"(np.float64(0.9513888888888888), np.float64(0.04861111111111111))"
25,"['glob_eq_tlt_corr', 'glob_eq_gld_corr', 'beta_vol_spread', 'trend_consistency']",manhattan,40,0.2,0.3131176233291626,118.62600708007812,0.6407682716533475,"(np.float64(0.9513888888888888), np.float64(0.04861111111111111))"
26,"['glob_eq_tlt_corr', 'glob_eq_gld_corr', 'beta_vol_spread', 'trend_consistency']",correlation,40,0.2,0.3288726806640625,482.55218505859375,1.2985851056982547,"(np.float64(0.5127314814814815), np.float64(0.48726851851851855))"
27,"['glob_eq_tlt_corr', 'glob_eq_gld_corr', 'beta_vol_spread', 'vol_asymmetry']",euclidean,10,0.01,0.33013856410980225,143.55667114257812,1.3230628528144484,"(np.float64(0.8888888888888888), np.float64(0.1111111111111111))"
28,"['glob_eq_tlt_corr', 'glob_eq_gld_corr', 'beta_vol_spread', 'vol_asymmetry']",manhattan,10,0.01,0.38213488459587097,71.88292694091797,1.7879213616168135,"(np.float64(0.9421296296296297), np.float64(0.05787037037037037))"
29,"['glob_eq_tlt_corr', 'glob_eq_gld_corr', 'beta_vol_spread', 'vol_asymmetry']",correlation,10,0.01,0.48027583956718445,895.3944091796875,0.8366598271087053,"(np.float64(0.6458333333333334), np.float64(0.3541666666666667))"
30,"['glob_eq_tlt_corr', 'glob_eq_gld_corr', 'beta_vol_spread', 'vol_asymmetry']",euclidean,10,0.1,0.4217918813228607,366.20025634765625,0.9278453537550786,"(np.float64(0.8518518518518519), np.float64(0.14814814814814814))"
31,"['glob_eq_tlt_corr', 'glob_eq_gld_corr', 'beta_vol_spread', 'vol_asymmetry']",manhattan,10,0.1,0.32480427622795105,52.31040573120117,0.5367713632137532,"(np.float64(0.9780092592592593), np.float64(0.02199074074074074))"
32,"['glob_eq_tlt_corr', 'glob_eq_gld_corr', 'beta_vol_spread', 'vol_asymmetry']",correlation,10,0.1,0.4587211608886719,793.5697021484375,0.9079219965191285,"(np.float64(0.6458333333333334), np.float64(0.3541666666666667))"
33,"['glob_eq_tlt_corr', 'glob_eq_gld_corr', 'beta_vol_spread', 'vol_asymmetry']",euclidean,10,0.2,0.3200921416282654,63.33781051635742,0.5346093625657833,"(np.float64(0.9780092592592593), np.float64(0.02199074074074074))"
34,"['glob_eq_tlt_corr', 'glob_eq_gld_corr', 'beta_vol_spread', 'vol_asymmetry']",manhattan,10,0.2,0.33703312277793884,59.01191329956055,0.5299650812605098,"(np.float64(0.9780092592592593), np.float64(0.02199074074074074))"
35,"['glob_eq_tlt_corr', 'glob_eq_gld_corr', 'beta_vol_spread', 'vol_asymmetry']",correlation,10,0.2,0.43823662400245667,785.6153564453125,0.9245875398015156,"(np.float64(0.6458333333333334), np.float64(0.3541666666666667))"
36,"['glob_eq_tlt_corr', 'glob_eq_gld_corr', 'beta_vol_spread', 'vol_asymmetry']",euclidean,20,0.01,0.1960526555776596,48.47217559814453,0.7556235418150651,"(np.float64(0.9675925925925926), np.float64(0.032407407407407406))"
37,"['glob_eq_tlt_corr', 'glob_eq_gld_corr', 'beta_vol_spread', 'vol_asymmetry']",manhattan,20,0.01,0.4734070301055908,119.06143951416016,0.390634090339295,"(np.float64(0.9768518518518519), np.float64(0.023148148148148147))"
38,"['glob_eq_tlt_corr', 'glob_eq_gld_corr', 'beta_vol_spread', 'vol_asymmetry']",correlation,20,0.01,0.5466267466545105,1346.6922607421875,0.6977657700546221,"(np.float64(0.6388888888888888), np.float64(0.3611111111111111))"
39,"['glob_eq_tlt_corr', 'glob_eq_gld_corr', 'beta_vol_spread', 'vol_asymmetry']",euclidean,20,0.1,0.5150316953659058,134.3609161376953,0.3822954188017077,"(np.float64(0.9768518518518519), np.float64(0.023148148148148147))"
40,"['glob_eq_tlt_corr', 'glob_eq_gld_corr', 'beta_vol_spread', 'vol_asymmetry']",manhattan,20,0.1,0.4717077910900116,124.38068389892578,0.38740255135454366,"(np.float64(0.9768518518518519), np.float64(0.023148148148148147))"
41,"['glob_eq_tlt_corr', 'glob_eq_gld_corr', 'beta_vol_spread', 'vol_asymmetry']",correlation,20,0.1,0.47654762864112854,952.4369506835938,0.8707909897486503,"(np.float64(0.6076388888888888), np.float64(0.3923611111111111))"
42,"['glob_eq_tlt_corr', 'glob_eq_gld_corr', 'beta_vol_spread', 'vol_asymmetry']",euclidean,20,0.2,0.4895994961261749,134.10989379882812,0.3844429945092278,"(np.float64(0.9768518518518519), np.float64(0.023148148148148147))"
43,"['glob_eq_tlt_corr', 'glob_eq_gld_corr', 'beta_vol_spread', 'vol_asymmetry']",manhattan,20,0.2,0.44247475266456604,110.3174819946289,0.41964114817358134,"(np.float64(0.9768518518518519), np.float64(0.023148148148148147))"
44,"['glob_eq_tlt_corr', 'glob_eq_gld_corr', 'beta_vol_spread', 'vol_asymmetry']",correlation,20,0.2,0.40919196605682373,719.3850708007812,1.0314688092935407,"(np.float64(0.5844907407407407), np.float64(0.41550925925925924))"
45,"['glob_eq_tlt_corr', 'glob_eq_gld_corr', 'beta_vol_spread', 'vol_asymmetry']",euclidean,40,0.01,0.4455517530441284,772.9622802734375,0.8737027109610036,"(np.float64(0.3148148148148148), np.float64(0.6851851851851852))"
46,"['glob_eq_tlt_corr', 'glob_eq_gld_corr', 'beta_vol_spread', 'vol_asymmetry']",manhattan,40,0.01,0.4286257326602936,744.7491455078125,0.8859100924962725,"(np.float64(0.30324074074074076), np.float64(0.6967592592592593))"
47,"['glob_eq_tlt_corr', 'glob_eq_gld_corr', 'beta_vol_spread', 'vol_asymmetry']",correlation,40,0.01,0.5095077753067017,1174.9371337890625,0.8243138847952161,"(np.float64(0.5324074074074074), np.float64(0.4675925925925926))"
48,"['glob_eq_tlt_corr', 'glob_eq_gld_corr', 'beta_vol_spread', 'vol_asymmetry']",euclidean,40,0.1,0.4197717010974884,712.0843505859375,0.9222460111620534,"(np.float64(0.31828703703703703), np.float64(0.6817129629629629))"
49,"['glob_eq_tlt_corr', 'glob_eq_gld_corr', 'beta_vol_spread', 'vol_asymmetry']",manhattan,40,0.1,0.4094843566417694,706.0873413085938,0.9307060877694479,"(np.float64(0.3148148148148148), np.float64(0.6851851851851852))"
50,"['glob_eq_tlt_corr', 'glob_eq_gld_corr', 'beta_vol_spread', 'vol_asymmetry']",correlation,40,0.1,0.48022976517677307,1022.2152709960938,0.8652537091024239,"(np.float64(0.5740740740740741), np.float64(0.42592592592592593))"
51,"['glob_eq_tlt_corr', 'glob_eq_gld_corr', 'beta_vol_spread', 'vol_asymmetry']",euclidean,40,0.2,0.4084906280040741,698.7125854492188,0.9396373680851536,"(np.float64(0.3159722222222222), np.float64(0.6840277777777778))"
52,"['glob_eq_tlt_corr', 'glob_eq_gld_corr', 'beta_vol_spread', 'vol_asymmetry']",manhattan,40,0.2,0.39808914065361023,684.3595581054688,0.960501952853925,"(np.float64(0.6782407407407407), np.float64(0.32175925925925924))"
53,"['glob_eq_tlt_corr', 'glob_eq_gld_corr', 'beta_vol_spread', 'vol_asymmetry']",correlation,40,0.2,0.4309968650341034,801.6736450195312,0.9625074854710192,"(np.float64(0.6064814814814815), np.float64(0.39351851851851855))"
54,"['glob_eq_tlt_corr', 'glob_eq_gld_corr', 'beta_vol_spread', 'higher_high_consistency']",euclidean,10,0.01,0.5902157425880432,372.1211853027344,0.8348985302968344,"(np.float64(0.90625), np.float64(0.09375))"
55,"['glob_eq_tlt_corr', 'glob_eq_gld_corr', 'beta_vol_spread', 'higher_high_consistency']",manhattan,10,0.01,0.5718346238136292,495.6080322265625,0.46674535666189354,"(np.float64(0.9189814814814815), np.float64(0.08101851851851852))"
56,"['glob_eq_tlt_corr', 'glob_eq_gld_corr', 'beta_vol_spread', 'higher_high_consistency']",correlation,10,0.01,0.1952906996011734,146.26376342773438,1.2874708132462998,"(np.float64(0.16898148148148148), np.float64(0.8310185185185185))"
57,"['glob_eq_tlt_corr', 'glob_eq_gld_corr', 'beta_vol_spread', 'higher_high_consistency']",euclidean,10,0.1,0.40291839838027954,89.47352600097656,0.5315873857902956,"(np.float64(0.9675925925925926), np.float64(0.032407407407407406))"
58,"['glob_eq_tlt_corr', 'glob_eq_gld_corr', 'beta_vol_spread', 'higher_high_consistency']",manhattan,10,0.1,0.44237419962882996,276.3591613769531,0.6472778516391874,"(np.float64(0.9189814814814815), np.float64(0.08101851851851852))"
59,"['glob_eq_tlt_corr', 'glob_eq_gld_corr', 'beta_vol_spread', 'higher_high_consistency']",correlation,10,0.1,0.2434845119714737,212.6793975830078,1.474497721791079,"(np.float64(0.2465277777777778), np.float64(0.7534722222222222))"
60,"['glob_eq_tlt_corr', 'glob_eq_gld_corr', 'beta_vol_spread', 'higher_high_consistency']",euclidean,10,0.2,0.6671504974365234,127.39258575439453,0.25216436154995253,"(np.float64(0.9884259259259259), np.float64(0.011574074074074073))"
61,"['glob_eq_tlt_corr', 'glob_eq_gld_corr', 'beta_vol_spread', 'higher_high_consistency']",manhattan,10,0.2,0.3673264682292938,35.10624313354492,0.5015180622799836,"(np.float64(0.9884259259259259), np.float64(0.011574074074074073))"
62,"['glob_eq_tlt_corr', 'glob_eq_gld_corr', 'beta_vol_spread', 'higher_high_consistency']",correlation,10,0.2,0.3148173987865448,387.0205383300781,1.0950629755474002,"(np.float64(0.7430555555555556), np.float64(0.2569444444444444))"
63,"['glob_eq_tlt_corr', 'glob_eq_gld_corr', 'beta_vol_spread', 'higher_high_consistency']",euclidean,20,0.01,0.5217887163162231,264.28118896484375,0.40245624672825625,"(np.float64(0.9502314814814815), np.float64(0.04976851851851852))"
64,"['glob_eq_tlt_corr', 'glob_eq_gld_corr', 'beta_vol_spread', 'higher_high_consistency']",manhattan,20,0.01,0.44793447852134705,352.4528503417969,0.5705499115390092,"(np.float64(0.9178240740740741), np.float64(0.08217592592592593))"
65,"['glob_eq_tlt_corr', 'glob_eq_gld_corr', 'beta_vol_spread', 'higher_high_consistency']",correlation,20,0.01,0.3047883212566376,320.1380310058594,1.0220824837980673,"(np.float64(0.7731481481481481), np.float64(0.22685185185185186))"
66,"['glob_eq_tlt_corr', 'glob_eq_gld_corr', 'beta_vol_spread', 'higher_high_consistency']",euclidean,20,0.1,0.44880691170692444,297.7180480957031,0.6620050135381049,"(np.float64(0.9178240740740741), np.float64(0.08217592592592593))"
67,"['glob_eq_tlt_corr', 'glob_eq_gld_corr', 'beta_vol_spread', 'higher_high_consistency']",manhattan,20,0.1,0.4240410327911377,322.9530029296875,0.6134935658105024,"(np.float64(0.9178240740740741), np.float64(0.08217592592592593))"
68,"['glob_eq_tlt_corr', 'glob_eq_gld_corr', 'beta_vol_spread', 'higher_high_consistency']",correlation,20,0.1,0.291793555021286,307.45318603515625,1.0757219564596303,"(np.float64(0.7731481481481481), np.float64(0.22685185185185186))"
69,"['glob_eq_tlt_corr', 'glob_eq_gld_corr', 'beta_vol_spread', 'higher_high_consistency']",euclidean,20,0.2,0.5022265315055847,254.62799072265625,0.4335937283702571,"(np.float64(0.9502314814814815), np.float64(0.04976851851851852))"
70,"['glob_eq_tlt_corr', 'glob_eq_gld_corr', 'beta_vol_spread', 'higher_high_consistency']",manhattan,20,0.2,0.4073445796966553,302.49725341796875,0.6360287200823561,"(np.float64(0.9178240740740741), np.float64(0.08217592592592593))"
71,"['glob_eq_tlt_corr', 'glob_eq_gld_corr', 'beta_vol_spread', 'higher_high_consistency']",correlation,20,0.2,0.26169902086257935,274.88116455078125,1.1821842123320827,"(np.float64(0.7731481481481481), np.float64(0.22685185185185186))"
72,"['glob_eq_tlt_corr', 'glob_eq_gld_corr', 'beta_vol_spread', 'higher_high_consistency']",euclidean,40,0.01,0.4197959303855896,189.37930297851562,0.48606844922184994,"(np.float64(0.9502314814814815), np.float64(0.04976851851851852))"
73,"['glob_eq_tlt_corr', 'glob_eq_gld_corr', 'beta_vol_spread', 'higher_high_consistency']",manhattan,40,0.01,0.4043647050857544,273.5449523925781,0.658499609590671,"(np.float64(0.9178240740740741), np.float64(0.08217592592592593))"
74,"['glob_eq_tlt_corr', 'glob_eq_gld_corr', 'beta_vol_spread', 'higher_high_consistency']",correlation,40,0.01,0.30690592527389526,322.2227478027344,1.0203595693941159,"(np.float64(0.7731481481481481), np.float64(0.22685185185185186))"
75,"['glob_eq_tlt_corr', 'glob_eq_gld_corr', 'beta_vol_spread', 'higher_high_consistency']",euclidean,40,0.1,0.42156949639320374,197.52639770507812,0.4910016305699058,"(np.float64(0.9502314814814815), np.float64(0.04976851851851852))"
76,"['glob_eq_tlt_corr', 'glob_eq_gld_corr', 'beta_vol_spread', 'higher_high_consistency']",manhattan,40,0.1,0.40249869227409363,295.94439697265625,0.6487749607631936,"(np.float64(0.9178240740740741), np.float64(0.08217592592592593))"
77,"['glob_eq_tlt_corr', 'glob_eq_gld_corr', 'beta_vol_spread', 'higher_high_consistency']",correlation,40,0.1,0.261843740940094,265.9033203125,1.1633872852308904,"(np.float64(0.7731481481481481), np.float64(0.22685185185185186))"
78,"['glob_eq_tlt_corr', 'glob_eq_gld_corr', 'beta_vol_spread', 'higher_high_consistency']",euclidean,40,0.2,0.37766048312187195,164.1022491455078,0.5597874144110716,"(np.float64(0.9502314814814815), np.float64(0.04976851851851852))"
79,"['glob_eq_tlt_corr', 'glob_eq_gld_corr', 'beta_vol_spread', 'higher_high_consistency']",manhattan,40,0.2,0.3409065008163452,189.83531188964844,0.7057509412495391,"(np.float64(0.9317129629629629), np.float64(0.06828703703703703))"
80,"['glob_eq_tlt_corr', 'glob_eq_gld_corr', 'beta_vol_spread', 'higher_high_consistency']",correlation,40,0.2,0.25676247477531433,263.1515197753906,1.190221764940883,"(np.float64(0.22337962962962962), np.float64(0.7766203703703703))"
81,"['glob_eq_tlt_corr', 'glob_eq_gld_corr', 'beta_vol_spread', 'volume_trend_divergence']",euclidean,10,0.01,0.3887063264846802,85.24364471435547,0.47659111285271727,"(np.float64(0.9756944444444444), np.float64(0.024305555555555556))"
82,"['glob_eq_tlt_corr', 'glob_eq_gld_corr', 'beta_vol_spread', 'volume_trend_divergence']",manhattan,10,0.01,0.34897416830062866,78.42960357666016,0.49198302279478817,"(np.float64(0.9756944444444444), np.float64(0.024305555555555556))"
83,"['glob_eq_tlt_corr', 'glob_eq_gld_corr', 'beta_vol_spread', 'volume_trend_divergence']",correlation,10,0.01,0.290326863527298,61.025142669677734,0.5285589404638279,"(np.float64(0.019675925925925927), np.float64(0.9803240740740741))"
84,"['glob_eq_tlt_corr', 'glob_eq_gld_corr', 'beta_vol_spread', 'volume_trend_divergence']",euclidean,10,0.1,0.3742431402206421,85.99274444580078,0.48071312652912046,"(np.float64(0.9756944444444444), np.float64(0.024305555555555556))"
85,"['glob_eq_tlt_corr', 'glob_eq_gld_corr', 'beta_vol_spread', 'volume_trend_divergence']",manhattan,10,0.1,0.33338016271591187,74.04151916503906,0.517216841465678,"(np.float64(0.9756944444444444), np.float64(0.024305555555555556))"
86,"['glob_eq_tlt_corr', 'glob_eq_gld_corr', 'beta_vol_spread', 'volume_trend_divergence']",correlation,10,0.1,0.33339405059814453,353.6400451660156,1.4811992254761728,"(np.float64(0.53125), np.float64(0.46875))"
87,"['glob_eq_tlt_corr', 'glob_eq_gld_corr', 'beta_vol_spread', 'volume_trend_divergence']",euclidean,10,0.2,0.36708083748817444,83.28372955322266,0.4960772761593221,"(np.float64(0.9756944444444444), np.float64(0.024305555555555556))"
88,"['glob_eq_tlt_corr', 'glob_eq_gld_corr', 'beta_vol_spread', 'volume_trend_divergence']",manhattan,10,0.2,0.2755332291126251,165.71165466308594,0.8381297886565859,"(np.float64(0.9074074074074074), np.float64(0.09259259259259259))"
89,"['glob_eq_tlt_corr', 'glob_eq_gld_corr', 'beta_vol_spread', 'volume_trend_divergence']",correlation,10,0.2,0.29412034153938293,301.5162353515625,1.6066633386981541,"(np.float64(0.53125), np.float64(0.46875))"
90,"['glob_eq_tlt_corr', 'glob_eq_gld_corr', 'beta_vol_spread', 'volume_trend_divergence']",euclidean,20,0.01,0.2991305887699127,171.69869995117188,0.8054442698797983,"(np.float64(0.90625), np.float64(0.09375))"
91,"['glob_eq_tlt_corr', 'glob_eq_gld_corr', 'beta_vol_spread', 'volume_trend_divergence']",manhattan,20,0.01,0.4777382016181946,1023.783203125,0.8708774505231085,"(np.float64(0.5162037037037037), np.float64(0.4837962962962963))"
92,"['glob_eq_tlt_corr', 'glob_eq_gld_corr', 'beta_vol_spread', 'volume_trend_divergence']",correlation,20,0.01,0.23998330533504486,179.7058563232422,1.2296052904515442,"(np.float64(0.8032407407407407), np.float64(0.19675925925925927))"
93,"['glob_eq_tlt_corr', 'glob_eq_gld_corr', 'beta_vol_spread', 'volume_trend_divergence']",euclidean,20,0.1,0.43247559666633606,853.44189453125,0.9502335392681439,"(np.float64(0.5185185185185185), np.float64(0.48148148148148145))"
94,"['glob_eq_tlt_corr', 'glob_eq_gld_corr', 'beta_vol_spread', 'volume_trend_divergence']",manhattan,20,0.1,0.44747909903526306,948.4262084960938,0.9082413292819645,"(np.float64(0.5162037037037037), np.float64(0.4837962962962963))"
95,"['glob_eq_tlt_corr', 'glob_eq_gld_corr', 'beta_vol_spread', 'volume_trend_divergence']",correlation,20,0.1,0.472378134727478,832.9202270507812,0.8269656357313789,"(np.float64(0.6956018518518519), np.float64(0.30439814814814814))"
96,"['glob_eq_tlt_corr', 'glob_eq_gld_corr', 'beta_vol_spread', 'volume_trend_divergence']",euclidean,20,0.2,0.4377784729003906,915.2859497070312,0.9117392420838812,"(np.float64(0.4849537037037037), np.float64(0.5150462962962963))"
97,"['glob_eq_tlt_corr', 'glob_eq_gld_corr', 'beta_vol_spread', 'volume_trend_divergence']",manhattan,20,0.2,0.42321154475212097,796.3270263671875,0.9710524112465153,"(np.float64(0.46875), np.float64(0.53125))"
98,"['glob_eq_tlt_corr', 'glob_eq_gld_corr', 'beta_vol_spread', 'volume_trend_divergence']",correlation,20,0.2,0.4351447820663452,750.0184326171875,0.8957819402922158,"(np.float64(0.6944444444444444), np.float64(0.3055555555555556))"
99,"['glob_eq_tlt_corr', 'glob_eq_gld_corr', 'beta_vol_spread', 'volume_trend_divergence']",euclidean,40,0.01,0.4954864978790283,1208.7608642578125,0.7529873339643098,"(np.float64(0.3738425925925926), np.float64(0.6261574074074074))"
100,"['glob_eq_tlt_corr', 'glob_eq_gld_corr', 'beta_vol_spread', 'volume_trend_divergence']",manhattan,40,0.01,0.4398653209209442,917.632080078125,0.9282707959256884,"(np.float64(0.5092592592592593), np.float64(0.49074074074074076))"
101,"['glob_eq_tlt_corr', 'glob_eq_gld_corr', 'beta_vol_spread', 'volume_trend_divergence']",correlation,40,0.01,0.568348228931427,1324.0096435546875,0.6329850336993043,"(np.float64(0.6967592592592593), np.float64(0.30324074074074076))"
102,"['glob_eq_tlt_corr', 'glob_eq_gld_corr', 'beta_vol_spread', 'volume_trend_divergence']",euclidean,40,0.1,0.46151548624038696,990.5706176757812,0.82951713867427,"(np.float64(0.3738425925925926), np.float64(0.6261574074074074))"
103,"['glob_eq_tlt_corr', 'glob_eq_gld_corr', 'beta_vol_spread', 'volume_trend_divergence']",manhattan,40,0.1,0.45680978894233704,967.8818359375,0.8503466285249254,"(np.float64(0.38773148148148145), np.float64(0.6122685185185185))"
104,"['glob_eq_tlt_corr', 'glob_eq_gld_corr', 'beta_vol_spread', 'volume_trend_divergence']",correlation,40,0.1,0.51101154088974,1048.9163818359375,0.7408275803652605,"(np.float64(0.6956018518518519), np.float64(0.30439814814814814))"
105,"['glob_eq_tlt_corr', 'glob_eq_gld_corr', 'beta_vol_spread', 'volume_trend_divergence']",euclidean,40,0.2,0.42672786116600037,824.8677368164062,0.9164922501138822,"(np.float64(0.38078703703703703), np.float64(0.6192129629629629))"
106,"['glob_eq_tlt_corr', 'glob_eq_gld_corr', 'beta_vol_spread', 'volume_trend_divergence']",manhattan,40,0.2,0.4242420196533203,812.7186279296875,0.9277834154060594,"(np.float64(0.3854166666666667), np.float64(0.6145833333333334))"
107,"['glob_eq_tlt_corr', 'glob_eq_gld_corr', 'beta_vol_spread', 'volume_trend_divergence']",correlation,40,0.2,0.434525728225708,735.3348388671875,0.8933302287722044,"(np.float64(0.6956018518518519), np.float64(0.30439814814814814))"
108,"['glob_eq_tlt_corr', 'glob_eq_gld_corr', 'beta_vol_spread', 'vixm_drift']",euclidean,10,0.01,0.42040809988975525,196.5364990234375,0.5365857703212142,"(np.float64(0.9432870370370371), np.float64(0.056712962962962965))"
109,"['glob_eq_tlt_corr', 'glob_eq_gld_corr', 'beta_vol_spread', 'vixm_drift']",manhattan,10,0.01,0.5287423133850098,281.3980407714844,0.442428111694019,"(np.float64(0.9432870370370371), np.float64(0.056712962962962965))"
110,"['glob_eq_tlt_corr', 'glob_eq_gld_corr', 'beta_vol_spread', 'vixm_drift']",correlation,10,0.01,0.3035466969013214,244.0279083251953,0.7238432573503658,"(np.float64(0.8900462962962963), np.float64(0.1099537037037037))"
111,"['glob_eq_tlt_corr', 'glob_eq_gld_corr', 'beta_vol_spread', 'vixm_drift']",euclidean,10,0.1,0.09405647963285446,8.032350540161133,0.8228747175405573,"(np.float64(0.9930555555555556), np.float64(0.006944444444444444))"
112,"['glob_eq_tlt_corr', 'glob_eq_gld_corr', 'beta_vol_spread', 'vixm_drift']",manhattan,10,0.1,0.5229023694992065,281.9566345214844,0.45138301576667406,"(np.float64(0.9432870370370371), np.float64(0.056712962962962965))"
113,"['glob_eq_tlt_corr', 'glob_eq_gld_corr', 'beta_vol_spread', 'vixm_drift']",correlation,10,0.1,0.1925811916589737,158.76719665527344,0.9378378881661162,"(np.float64(0.8900462962962963), np.float64(0.1099537037037037))"
114,"['glob_eq_tlt_corr', 'glob_eq_gld_corr', 'beta_vol_spread', 'vixm_drift']",euclidean,10,0.2,-0.015708478167653084,4.7655415534973145,1.0663310203935732,"(np.float64(0.9930555555555556), np.float64(0.006944444444444444))"
115,"['glob_eq_tlt_corr', 'glob_eq_gld_corr', 'beta_vol_spread', 'vixm_drift']",manhattan,10,0.2,0.43816521763801575,202.37939453125,0.5488775667347756,"(np.float64(0.9432870370370371), np.float64(0.056712962962962965))"
116,"['glob_eq_tlt_corr', 'glob_eq_gld_corr', 'beta_vol_spread', 'vixm_drift']",correlation,10,0.2,0.37776878476142883,562.2921142578125,1.1604001916560371,"(np.float64(0.4305555555555556), np.float64(0.5694444444444444))"
117,"['glob_eq_tlt_corr', 'glob_eq_gld_corr', 'beta_vol_spread', 'vixm_drift']",euclidean,20,0.01,0.5154663324356079,286.3338623046875,0.4464889953791838,"(np.float64(0.9432870370370371), np.float64(0.056712962962962965))"
118,"['glob_eq_tlt_corr', 'glob_eq_gld_corr', 'beta_vol_spread', 'vixm_drift']",manhattan,20,0.01,0.4224582314491272,197.3621063232422,0.5309375830211529,"(np.float64(0.9432870370370371), np.float64(0.056712962962962965))"
119,"['glob_eq_tlt_corr', 'glob_eq_gld_corr', 'beta_vol_spread', 'vixm_drift']",correlation,20,0.01,0.5172773003578186,1148.828857421875,0.8035102833488558,"(np.float64(0.4398148148148148), np.float64(0.5601851851851852))"
120,"['glob_eq_tlt_corr', 'glob_eq_gld_corr', 'beta_vol_spread', 'vixm_drift']",euclidean,20,0.1,0.46724313497543335,240.0459442138672,0.4994877412225639,"(np.float64(0.9432870370370371), np.float64(0.056712962962962965))"
121,"['glob_eq_tlt_corr', 'glob_eq_gld_corr', 'beta_vol_spread', 'vixm_drift']",manhattan,20,0.1,0.4483070373535156,215.85057067871094,0.5181478606027804,"(np.float64(0.9432870370370371), np.float64(0.056712962962962965))"
122,"['glob_eq_tlt_corr', 'glob_eq_gld_corr', 'beta_vol_spread', 'vixm_drift']",correlation,20,0.1,0.4526676833629608,859.1043701171875,0.9451737700582473,"(np.float64(0.4398148148148148), np.float64(0.5601851851851852))"
123,"['glob_eq_tlt_corr', 'glob_eq_gld_corr', 'beta_vol_spread', 'vixm_drift']",euclidean,20,0.2,0.46433746814727783,229.3424530029297,0.516972726831442,"(np.float64(0.9432870370370371), np.float64(0.056712962962962965))"
124,"['glob_eq_tlt_corr', 'glob_eq_gld_corr', 'beta_vol_spread', 'vixm_drift']",manhattan,20,0.2,0.4301779568195343,202.62747192382812,0.5551376044970718,"(np.float64(0.9432870370370371), np.float64(0.056712962962962965))"
125,"['glob_eq_tlt_corr', 'glob_eq_gld_corr', 'beta_vol_spread', 'vixm_drift']",correlation,20,0.2,0.41305336356163025,704.6181640625,1.049235342793975,"(np.float64(0.4409722222222222), np.float64(0.5590277777777778))"
126,"['glob_eq_tlt_corr', 'glob_eq_gld_corr', 'beta_vol_spread', 'vixm_drift']",euclidean,40,0.01,0.39363253116607666,177.5684051513672,0.579661501083371,"(np.float64(0.9432870370370371), np.float64(0.056712962962962965))"
127,"['glob_eq_tlt_corr', 'glob_eq_gld_corr', 'beta_vol_spread', 'vixm_drift']",manhattan,40,0.01,0.4604123532772064,859.7766723632812,0.831255107253312,"(np.float64(0.3460648148148148), np.float64(0.6539351851851852))"
128,"['glob_eq_tlt_corr', 'glob_eq_gld_corr', 'beta_vol_spread', 'vixm_drift']",correlation,40,0.01,0.5568523406982422,1414.8438720703125,0.7284992265848026,"(np.float64(0.4398148148148148), np.float64(0.5601851851851852))"
129,"['glob_eq_tlt_corr', 'glob_eq_gld_corr', 'beta_vol_spread', 'vixm_drift']",euclidean,40,0.1,0.38952940702438354,152.18417358398438,0.5577129529440253,"(np.float64(0.9513888888888888), np.float64(0.04861111111111111))"
130,"['glob_eq_tlt_corr', 'glob_eq_gld_corr', 'beta_vol_spread', 'vixm_drift']",manhattan,40,0.1,0.4301847517490387,743.0659790039062,0.9018969870408949,"(np.float64(0.3460648148148148), np.float64(0.6539351851851852))"
131,"['glob_eq_tlt_corr', 'glob_eq_gld_corr', 'beta_vol_spread', 'vixm_drift']",correlation,40,0.1,0.469704806804657,930.8204956054688,0.9066916202012123,"(np.float64(0.4409722222222222), np.float64(0.5590277777777778))"
132,"['glob_eq_tlt_corr', 'glob_eq_gld_corr', 'beta_vol_spread', 'vixm_drift']",euclidean,40,0.2,0.32106155157089233,135.52085876464844,0.6853166432706519,"(np.float64(0.9432870370370371), np.float64(0.056712962962962965))"
133,"['glob_eq_tlt_corr', 'glob_eq_gld_corr', 'beta_vol_spread', 'vixm_drift']",manhattan,40,0.2,0.41021886467933655,697.614013671875,0.9526033223960667,"(np.float64(0.3587962962962963), np.float64(0.6412037037037037))"
134,"['glob_eq_tlt_corr', 'glob_eq_gld_corr', 'beta_vol_spread', 'vixm_drift']",correlation,40,0.2,0.4092688262462616,710.5424194335938,1.0438289258090692,"(np.float64(0.4398148148148148), np.float64(0.5601851851851852))"
135,"['glob_eq_tlt_corr', 'glob_eq_gld_corr', 'beta_vol_spread', 'trend_consistency', 'vol_asymmetry']",euclidean,10,0.01,0.2789476811885834,67.56282806396484,0.6499425563715231,"(np.float64(0.9675925925925926), np.float64(0.032407407407407406))"
136,"['glob_eq_tlt_corr', 'glob_eq_gld_corr', 'beta_vol_spread', 'trend_consistency', 'vol_asymmetry']",manhattan,10,0.01,0.3056029975414276,76.22357177734375,0.6546775345492728,"(np.float64(0.9641203703703703), np.float64(0.03587962962962963))"
137,"['glob_eq_tlt_corr', 'glob_eq_gld_corr', 'beta_vol_spread', 'trend_consistency', 'vol_asymmetry']",correlation,10,0.01,0.08344434946775436,62.5888786315918,1.14677810579107,"(np.float64(0.9317129629629629), np.float64(0.06828703703703703))"
138,"['glob_eq_tlt_corr', 'glob_eq_gld_corr', 'beta_vol_spread', 'trend_consistency', 'vol_asymmetry']",euclidean,10,0.1,0.2639012932777405,56.24407196044922,0.6504518812667873,"(np.float64(0.9710648148148148), np.float64(0.028935185185185185))"
139,"['glob_eq_tlt_corr', 'glob_eq_gld_corr', 'beta_vol_spread', 'trend_consistency', 'vol_asymmetry']",manhattan,10,0.1,0.31551000475883484,79.8602066040039,0.6461865250202896,"(np.float64(0.9641203703703703), np.float64(0.03587962962962963))"
140,"['glob_eq_tlt_corr', 'glob_eq_gld_corr', 'beta_vol_spread', 'trend_consistency', 'vol_asymmetry']",correlation,10,0.1,0.3927164375782013,633.3375244140625,1.0084121870541907,"(np.float64(0.36921296296296297), np.float64(0.6307870370370371))"
141,"['glob_eq_tlt_corr', 'glob_eq_gld_corr', 'beta_vol_spread', 'trend_consistency', 'vol_asymmetry']",euclidean,10,0.2,0.05518902838230133,47.063232421875,1.3653409750913221,"(np.float64(0.9328703703703703), np.float64(0.06712962962962964))"
142,"['glob_eq_tlt_corr', 'glob_eq_gld_corr', 'beta_vol_spread', 'trend_consistency', 'vol_asymmetry']",manhattan,10,0.2,0.30089637637138367,31.414052963256836,0.5165472306191351,"(np.float64(0.9884259259259259), np.float64(0.011574074074074073))"
143,"['glob_eq_tlt_corr', 'glob_eq_gld_corr', 'beta_vol_spread', 'trend_consistency', 'vol_asymmetry']",correlation,10,0.2,0.11005537956953049,57.90057373046875,0.9998998089112888,"(np.float64(0.9467592592592593), np.float64(0.05324074074074074))"
144,"['glob_eq_tlt_corr', 'glob_eq_gld_corr', 'beta_vol_spread', 'trend_consistency', 'vol_asymmetry']",euclidean,20,0.01,0.46276384592056274,812.2610473632812,0.8455852793711056,"(np.float64(0.3090277777777778), np.float64(0.6909722222222222))"
145,"['glob_eq_tlt_corr', 'glob_eq_gld_corr', 'beta_vol_spread', 'trend_consistency', 'vol_asymmetry']",manhattan,20,0.01,0.40550023317337036,632.9094848632812,0.8597750830235895,"(np.float64(0.25578703703703703), np.float64(0.7442129629629629))"
146,"['glob_eq_tlt_corr', 'glob_eq_gld_corr', 'beta_vol_spread', 'trend_consistency', 'vol_asymmetry']",correlation,20,0.01,0.4237818419933319,680.7479858398438,0.8700480129603876,"(np.float64(0.29976851851851855), np.float64(0.7002314814814815))"
147,"['glob_eq_tlt_corr', 'glob_eq_gld_corr', 'beta_vol_spread', 'trend_consistency', 'vol_asymmetry']",euclidean,20,0.1,0.42998814582824707,679.963623046875,0.9173422210563574,"(np.float64(0.29976851851851855), np.float64(0.7002314814814815))"
148,"['glob_eq_tlt_corr', 'glob_eq_gld_corr', 'beta_vol_spread', 'trend_consistency', 'vol_asymmetry']",manhattan,20,0.1,0.3750516474246979,542.7401123046875,1.016864758365791,"(np.float64(0.2847222222222222), np.float64(0.7152777777777778))"
149,"['glob_eq_tlt_corr', 'glob_eq_gld_corr', 'beta_vol_spread', 'trend_consistency', 'vol_asymmetry']",correlation,20,0.1,0.16593988239765167,74.2769546508789,0.8605417436512676,"(np.float64(0.9467592592592593), np.float64(0.05324074074074074))"
150,"['glob_eq_tlt_corr', 'glob_eq_gld_corr', 'beta_vol_spread', 'trend_consistency', 'vol_asymmetry']",euclidean,20,0.2,0.4091789424419403,637.2106323242188,0.9494885619516289,"(np.float64(0.29398148148148145), np.float64(0.7060185185185185))"
151,"['glob_eq_tlt_corr', 'glob_eq_gld_corr', 'beta_vol_spread', 'trend_consistency', 'vol_asymmetry']",manhattan,20,0.2,0.3447774648666382,150.2636260986328,0.666912393489721,"(np.float64(0.9502314814814815), np.float64(0.04976851851851852))"
152,"['glob_eq_tlt_corr', 'glob_eq_gld_corr', 'beta_vol_spread', 'trend_consistency', 'vol_asymmetry']",correlation,20,0.2,0.3449309170246124,517.5296020507812,1.1299001418738606,"(np.float64(0.3587962962962963), np.float64(0.6412037037037037))"
153,"['glob_eq_tlt_corr', 'glob_eq_gld_corr', 'beta_vol_spread', 'trend_consistency', 'vol_asymmetry']",euclidean,40,0.01,0.42527180910110474,642.7832641601562,0.9946284206056958,"(np.float64(0.32407407407407407), np.float64(0.6759259259259259))"
154,"['glob_eq_tlt_corr', 'glob_eq_gld_corr', 'beta_vol_spread', 'trend_consistency', 'vol_asymmetry']",manhattan,40,0.01,0.40946853160858154,628.259521484375,0.9958308522645704,"(np.float64(0.3125), np.float64(0.6875))"
155,"['glob_eq_tlt_corr', 'glob_eq_gld_corr', 'beta_vol_spread', 'trend_consistency', 'vol_asymmetry']",correlation,40,0.01,0.21096286177635193,98.5793685913086,0.7568199603481585,"(np.float64(0.9432870370370371), np.float64(0.056712962962962965))"
156,"['glob_eq_tlt_corr', 'glob_eq_gld_corr', 'beta_vol_spread', 'trend_consistency', 'vol_asymmetry']",euclidean,40,0.1,0.3865732252597809,526.8778686523438,1.078178257988197,"(np.float64(0.30439814814814814), np.float64(0.6956018518518519))"
157,"['glob_eq_tlt_corr', 'glob_eq_gld_corr', 'beta_vol_spread', 'trend_consistency', 'vol_asymmetry']",manhattan,40,0.1,0.37279781699180603,521.4210205078125,1.0919235578448452,"(np.float64(0.3055555555555556), np.float64(0.6944444444444444))"
158,"['glob_eq_tlt_corr', 'glob_eq_gld_corr', 'beta_vol_spread', 'trend_consistency', 'vol_asymmetry']",correlation,40,0.1,0.3582969307899475,531.4520263671875,1.0398150012905856,"(np.float64(0.32060185185185186), np.float64(0.6793981481481481))"
159,"['glob_eq_tlt_corr', 'glob_eq_gld_corr', 'beta_vol_spread', 'trend_consistency', 'vol_asymmetry']",euclidean,40,0.2,0.3588729500770569,473.70025634765625,1.1442737826450582,"(np.float64(0.30439814814814814), np.float64(0.6956018518518519))"
160,"['glob_eq_tlt_corr', 'glob_eq_gld_corr', 'beta_vol_spread', 'trend_consistency', 'vol_asymmetry']",manhattan,40,0.2,0.3418954610824585,444.4273376464844,1.1763807460324986,"(np.float64(0.2986111111111111), np.float64(0.7013888888888888))"
161,"['glob_eq_tlt_corr', 'glob_eq_gld_corr', 'beta_vol_spread', 'trend_consistency', 'vol_asymmetry']",correlation,40,0.2,0.33642470836639404,470.6542053222656,1.1118867287854282,"(np.float64(0.31712962962962965), np.float64(0.6828703703703703))"
162,"['glob_eq_tlt_corr', 'glob_eq_gld_corr', 'beta_vol_spread', 'trend_consistency', 'higher_high_consistency']",euclidean,10,0.01,0.5127581357955933,228.5201873779297,0.9232279710321603,"(np.float64(0.9375), np.float64(0.0625))"
163,"['glob_eq_tlt_corr', 'glob_eq_gld_corr', 'beta_vol_spread', 'trend_consistency', 'higher_high_consistency']",manhattan,10,0.01,0.4459657073020935,181.99310302734375,0.5047340485829396,"(np.float64(0.9490740740740741), np.float64(0.05092592592592592))"
164,"['glob_eq_tlt_corr', 'glob_eq_gld_corr', 'beta_vol_spread', 'trend_consistency', 'higher_high_consistency']",correlation,10,0.01,0.2124359905719757,174.34999084472656,1.8409589607060461,"(np.float64(0.32060185185185186), np.float64(0.6793981481481481))"
165,"['glob_eq_tlt_corr', 'glob_eq_gld_corr', 'beta_vol_spread', 'trend_consistency', 'higher_high_consistency']",euclidean,10,0.1,0.5086780786514282,220.4137420654297,0.9830053221254741,"(np.float64(0.0625), np.float64(0.9375))"
166,"['glob_eq_tlt_corr', 'glob_eq_gld_corr', 'beta_vol_spread', 'trend_consistency', 'higher_high_consistency']",manhattan,10,0.1,0.3677986264228821,141.53102111816406,0.578722735589488,"(np.float64(0.9490740740740741), np.float64(0.05092592592592592))"
167,"['glob_eq_tlt_corr', 'glob_eq_gld_corr', 'beta_vol_spread', 'trend_consistency', 'higher_high_consistency']",correlation,10,0.1,0.36931511759757996,543.1016845703125,1.0214513976149473,"(np.float64(0.6724537037037037), np.float64(0.3275462962962963))"
168,"['glob_eq_tlt_corr', 'glob_eq_gld_corr', 'beta_vol_spread', 'trend_consistency', 'higher_high_consistency']",euclidean,10,0.2,0.44931721687316895,165.59181213378906,1.0926577438693852,"(np.float64(0.9375), np.float64(0.0625))"
169,"['glob_eq_tlt_corr', 'glob_eq_gld_corr', 'beta_vol_spread', 'trend_consistency', 'higher_high_consistency']",manhattan,10,0.2,0.5031000971794128,65.15788269042969,0.37965055820715876,"(np.float64(0.9884259259259259), np.float64(0.011574074074074073))"
170,"['glob_eq_tlt_corr', 'glob_eq_gld_corr', 'beta_vol_spread', 'trend_consistency', 'higher_high_consistency']",correlation,10,0.2,0.2610188126564026,222.21665954589844,1.2096392057380358,"(np.float64(0.1886574074074074), np.float64(0.8113425925925926))"
171,"['glob_eq_tlt_corr', 'glob_eq_gld_corr', 'beta_vol_spread', 'trend_consistency', 'higher_high_consistency']",euclidean,20,0.01,0.4441071152687073,227.3391571044922,0.4543226418604157,"(np.float64(0.9490740740740741), np.float64(0.05092592592592592))"
172,"['glob_eq_tlt_corr', 'glob_eq_gld_corr', 'beta_vol_spread', 'trend_consistency', 'higher_high_consistency']",manhattan,20,0.01,0.3383052349090576,144.90386962890625,0.7062826253678116,"(np.float64(0.9375), np.float64(0.0625))"
173,"['glob_eq_tlt_corr', 'glob_eq_gld_corr', 'beta_vol_spread', 'trend_consistency', 'higher_high_consistency']",correlation,20,0.01,0.4197929799556732,717.6729125976562,0.988166949036846,"(np.float64(0.6076388888888888), np.float64(0.3923611111111111))"
174,"['glob_eq_tlt_corr', 'glob_eq_gld_corr', 'beta_vol_spread', 'trend_consistency', 'higher_high_consistency']",euclidean,20,0.1,0.38294684886932373,195.00650024414062,0.6316891722115172,"(np.float64(0.9375), np.float64(0.0625))"
175,"['glob_eq_tlt_corr', 'glob_eq_gld_corr', 'beta_vol_spread', 'trend_consistency', 'higher_high_consistency']",manhattan,20,0.1,0.30653560161590576,107.92241668701172,0.6705777522509289,"(np.float64(0.9502314814814815), np.float64(0.04976851851851852))"
176,"['glob_eq_tlt_corr', 'glob_eq_gld_corr', 'beta_vol_spread', 'trend_consistency', 'higher_high_consistency']",correlation,20,0.1,0.30392125248908997,260.66949462890625,0.9125310475232615,"(np.float64(0.14814814814814814), np.float64(0.8518518518518519))"
177,"['glob_eq_tlt_corr', 'glob_eq_gld_corr', 'beta_vol_spread', 'trend_consistency', 'higher_high_consistency']",euclidean,20,0.2,0.32722994685173035,134.71832275390625,0.6232885227356779,"(np.float64(0.9490740740740741), np.float64(0.05092592592592592))"
178,"['glob_eq_tlt_corr', 'glob_eq_gld_corr', 'beta_vol_spread', 'trend_consistency', 'higher_high_consistency']",manhattan,20,0.2,0.2579098045825958,93.52821350097656,0.7436955553521887,"(np.float64(0.9502314814814815), np.float64(0.04976851851851852))"
179,"['glob_eq_tlt_corr', 'glob_eq_gld_corr', 'beta_vol_spread', 'trend_consistency', 'higher_high_consistency']",correlation,20,0.2,0.27309730648994446,228.91680908203125,1.0016612323241147,"(np.float64(0.14699074074074073), np.float64(0.8530092592592593))"
180,"['glob_eq_tlt_corr', 'glob_eq_gld_corr', 'beta_vol_spread', 'trend_consistency', 'higher_high_consistency']",euclidean,40,0.01,0.2978571355342865,134.7434539794922,0.6018584067489049,"(np.float64(0.9490740740740741), np.float64(0.05092592592592592))"
181,"['glob_eq_tlt_corr', 'glob_eq_gld_corr', 'beta_vol_spread', 'trend_consistency', 'higher_high_consistency']",manhattan,40,0.01,0.392817884683609,591.240478515625,1.059875506467786,"(np.float64(0.6006944444444444), np.float64(0.3993055555555556))"
182,"['glob_eq_tlt_corr', 'glob_eq_gld_corr', 'beta_vol_spread', 'trend_consistency', 'higher_high_consistency']",correlation,40,0.01,0.32380104064941406,292.24359130859375,0.8320225185303535,"(np.float64(0.14930555555555555), np.float64(0.8506944444444444))"
183,"['glob_eq_tlt_corr', 'glob_eq_gld_corr', 'beta_vol_spread', 'trend_consistency', 'higher_high_consistency']",euclidean,40,0.1,0.2783828675746918,121.54370880126953,0.6445136492947829,"(np.float64(0.9490740740740741), np.float64(0.05092592592592592))"
184,"['glob_eq_tlt_corr', 'glob_eq_gld_corr', 'beta_vol_spread', 'trend_consistency', 'higher_high_consistency']",manhattan,40,0.1,0.18154595792293549,78.44282531738281,1.0128375139324106,"(np.float64(0.9386574074074074), np.float64(0.061342592592592594))"
185,"['glob_eq_tlt_corr', 'glob_eq_gld_corr', 'beta_vol_spread', 'trend_consistency', 'higher_high_consistency']",correlation,40,0.1,0.3501073718070984,328.447998046875,0.8196444423605227,"(np.float64(0.15046296296296297), np.float64(0.8495370370370371))"
186,"['glob_eq_tlt_corr', 'glob_eq_gld_corr', 'beta_vol_spread', 'trend_consistency', 'higher_high_consistency']",euclidean,40,0.2,0.37374281883239746,552.4000244140625,1.0171683561759288,"(np.float64(0.30324074074074076), np.float64(0.6967592592592593))"
187,"['glob_eq_tlt_corr', 'glob_eq_gld_corr', 'beta_vol_spread', 'trend_consistency', 'higher_high_consistency']",manhattan,40,0.2,0.3244958817958832,411.8927001953125,1.170595287122809,"(np.float64(0.2986111111111111), np.float64(0.7013888888888888))"
188,"['glob_eq_tlt_corr', 'glob_eq_gld_corr', 'beta_vol_spread', 'trend_consistency', 'higher_high_consistency']",correlation,40,0.2,0.302668035030365,290.06011962890625,1.0772376035858775,"(np.float64(0.1886574074074074), np.float64(0.8113425925925926))"
189,"['glob_eq_tlt_corr', 'glob_eq_gld_corr', 'beta_vol_spread', 'trend_consistency', 'volume_trend_divergence']",euclidean,10,0.01,0.4609946012496948,1028.623046875,0.8102593326102547,"(np.float64(0.3958333333333333), np.float64(0.6041666666666666))"
190,"['glob_eq_tlt_corr', 'glob_eq_gld_corr', 'beta_vol_spread', 'trend_consistency', 'volume_trend_divergence']",manhattan,10,0.01,0.4264673888683319,777.5646362304688,0.8821793175305822,"(np.float64(0.31828703703703703), np.float64(0.6817129629629629))"
191,"['glob_eq_tlt_corr', 'glob_eq_gld_corr', 'beta_vol_spread', 'trend_consistency', 'volume_trend_divergence']",correlation,10,0.01,0.4060485064983368,583.89697265625,1.072327960520823,"(np.float64(0.3298611111111111), np.float64(0.6701388888888888))"
192,"['glob_eq_tlt_corr', 'glob_eq_gld_corr', 'beta_vol_spread', 'trend_consistency', 'volume_trend_divergence']",euclidean,10,0.1,0.476674884557724,1083.654052734375,0.8250867180984126,"(np.float64(0.4212962962962963), np.float64(0.5787037037037037))"
193,"['glob_eq_tlt_corr', 'glob_eq_gld_corr', 'beta_vol_spread', 'trend_consistency', 'volume_trend_divergence']",manhattan,10,0.1,0.3901393711566925,622.8636474609375,0.9980207680316883,"(np.float64(0.3194444444444444), np.float64(0.6805555555555556))"
194,"['glob_eq_tlt_corr', 'glob_eq_gld_corr', 'beta_vol_spread', 'trend_consistency', 'volume_trend_divergence']",correlation,10,0.1,0.3913255035877228,619.6744384765625,0.9963861741221728,"(np.float64(0.6712962962962963), np.float64(0.3287037037037037))"
195,"['glob_eq_tlt_corr', 'glob_eq_gld_corr', 'beta_vol_spread', 'trend_consistency', 'volume_trend_divergence']",euclidean,10,0.2,0.4168727695941925,769.134765625,0.9300602810854636,"(np.float64(0.3587962962962963), np.float64(0.6412037037037037))"
196,"['glob_eq_tlt_corr', 'glob_eq_gld_corr', 'beta_vol_spread', 'trend_consistency', 'volume_trend_divergence']",manhattan,10,0.2,0.38851597905158997,596.0662841796875,0.9328178171380773,"(np.float64(0.26157407407407407), np.float64(0.7384259259259259))"
197,"['glob_eq_tlt_corr', 'glob_eq_gld_corr', 'beta_vol_spread', 'trend_consistency', 'volume_trend_divergence']",correlation,10,0.2,0.33630701899528503,482.2889099121094,1.1369336488650224,"(np.float64(0.6712962962962963), np.float64(0.3287037037037037))"
198,"['glob_eq_tlt_corr', 'glob_eq_gld_corr', 'beta_vol_spread', 'trend_consistency', 'volume_trend_divergence']",euclidean,20,0.01,0.28430187702178955,108.94628143310547,0.5970787072156426,"(np.float64(0.9583333333333334), np.float64(0.041666666666666664))"
199,"['glob_eq_tlt_corr', 'glob_eq_gld_corr', 'beta_vol_spread', 'trend_consistency', 'volume_trend_divergence']",manhattan,20,0.01,0.4170007109642029,747.2198486328125,0.9071535619743145,"(np.float64(0.32407407407407407), np.float64(0.6759259259259259))"
200,"['glob_eq_tlt_corr', 'glob_eq_gld_corr', 'beta_vol_spread', 'trend_consistency', 'volume_trend_divergence']",correlation,20,0.01,0.39351361989974976,517.8991088867188,0.9571717885268779,"(np.float64(0.71875), np.float64(0.28125))"
201,"['glob_eq_tlt_corr', 'glob_eq_gld_corr', 'beta_vol_spread', 'trend_consistency', 'volume_trend_divergence']",euclidean,20,0.1,0.4328369200229645,774.7824096679688,0.9078750958941573,"(np.float64(0.3449074074074074), np.float64(0.6550925925925926))"
202,"['glob_eq_tlt_corr', 'glob_eq_gld_corr', 'beta_vol_spread', 'trend_consistency', 'volume_trend_divergence']",manhattan,20,0.1,0.40803852677345276,704.8065795898438,0.8936408775221442,"(np.float64(0.2916666666666667), np.float64(0.7083333333333334))"
203,"['glob_eq_tlt_corr', 'glob_eq_gld_corr', 'beta_vol_spread', 'trend_consistency', 'volume_trend_divergence']",correlation,20,0.1,0.34963008761405945,452.24652099609375,1.0640128071716122,"(np.float64(0.71875), np.float64(0.28125))"
204,"['glob_eq_tlt_corr', 'glob_eq_gld_corr', 'beta_vol_spread', 'trend_consistency', 'volume_trend_divergence']",euclidean,20,0.2,0.41315650939941406,751.118896484375,0.9316861442790076,"(np.float64(0.33796296296296297), np.float64(0.6620370370370371))"
205,"['glob_eq_tlt_corr', 'glob_eq_gld_corr', 'beta_vol_spread', 'trend_consistency', 'volume_trend_divergence']",manhattan,20,0.2,0.3869088590145111,648.5861206054688,0.9666099153604151,"(np.float64(0.3090277777777778), np.float64(0.6909722222222222))"
206,"['glob_eq_tlt_corr', 'glob_eq_gld_corr', 'beta_vol_spread', 'trend_consistency', 'volume_trend_divergence']",correlation,20,0.2,0.297090083360672,358.8184814453125,1.4722978554413932,"(np.float64(0.5092592592592593), np.float64(0.49074074074074076))"
207,"['glob_eq_tlt_corr', 'glob_eq_gld_corr', 'beta_vol_spread', 'trend_consistency', 'volume_trend_divergence']",euclidean,40,0.01,0.539320707321167,1360.521484375,0.6862990780129341,"(np.float64(0.3414351851851852), np.float64(0.6585648148148148))"
208,"['glob_eq_tlt_corr', 'glob_eq_gld_corr', 'beta_vol_spread', 'trend_consistency', 'volume_trend_divergence']",manhattan,40,0.01,0.4663843810558319,896.8704223632812,0.769068060743707,"(np.float64(0.2847222222222222), np.float64(0.7152777777777778))"
209,"['glob_eq_tlt_corr', 'glob_eq_gld_corr', 'beta_vol_spread', 'trend_consistency', 'volume_trend_divergence']",correlation,40,0.01,0.41102755069732666,611.9759521484375,0.9965403814806213,"(np.float64(0.6319444444444444), np.float64(0.3680555555555556))"
210,"['glob_eq_tlt_corr', 'glob_eq_gld_corr', 'beta_vol_spread', 'trend_consistency', 'volume_trend_divergence']",euclidean,40,0.1,0.494035005569458,1070.1524658203125,0.7725431968952111,"(np.float64(0.33796296296296297), np.float64(0.6620370370370371))"
211,"['glob_eq_tlt_corr', 'glob_eq_gld_corr', 'beta_vol_spread', 'trend_consistency', 'volume_trend_divergence']",manhattan,40,0.1,0.43105176091194153,781.33984375,0.8709663319685254,"(np.float64(0.30671296296296297), np.float64(0.6932870370370371))"
212,"['glob_eq_tlt_corr', 'glob_eq_gld_corr', 'beta_vol_spread', 'trend_consistency', 'volume_trend_divergence']",correlation,40,0.1,0.37242719531059265,514.3390502929688,1.1521214005621496,"(np.float64(0.4050925925925926), np.float64(0.5949074074074074))"
213,"['glob_eq_tlt_corr', 'glob_eq_gld_corr', 'beta_vol_spread', 'trend_consistency', 'volume_trend_divergence']",euclidean,40,0.2,0.437100350856781,820.8809204101562,0.8798970766665999,"(np.float64(0.33101851851851855), np.float64(0.6689814814814815))"
214,"['glob_eq_tlt_corr', 'glob_eq_gld_corr', 'beta_vol_spread', 'trend_consistency', 'volume_trend_divergence']",manhattan,40,0.2,0.39488938450813293,655.2060546875,0.9484013139516062,"(np.float64(0.30324074074074076), np.float64(0.6967592592592593))"
215,"['glob_eq_tlt_corr', 'glob_eq_gld_corr', 'beta_vol_spread', 'trend_consistency', 'volume_trend_divergence']",correlation,40,0.2,0.32009226083755493,402.4588928222656,1.293295222421186,"(np.float64(0.6099537037037037), np.float64(0.3900462962962963))"
216,"['glob_eq_tlt_corr', 'glob_eq_gld_corr', 'beta_vol_spread', 'trend_consistency', 'vixm_drift']",euclidean,10,0.01,0.34201180934906006,153.5322723388672,0.5896393576499649,"(np.float64(0.9432870370370371), np.float64(0.056712962962962965))"
217,"['glob_eq_tlt_corr', 'glob_eq_gld_corr', 'beta_vol_spread', 'trend_consistency', 'vixm_drift']",manhattan,10,0.01,0.32168710231781006,20.24053955078125,0.5131045426485961,"(np.float64(0.9930555555555556), np.float64(0.006944444444444444))"
218,"['glob_eq_tlt_corr', 'glob_eq_gld_corr', 'beta_vol_spread', 'trend_consistency', 'vixm_drift']",correlation,10,0.01,0.3316125273704529,461.06939697265625,1.1680608613981875,"(np.float64(0.6504629629629629), np.float64(0.34953703703703703))"
219,"['glob_eq_tlt_corr', 'glob_eq_gld_corr', 'beta_vol_spread', 'trend_consistency', 'vixm_drift']",euclidean,10,0.1,0.29844677448272705,125.19998168945312,0.6687859020201977,"(np.float64(0.9432870370370371), np.float64(0.056712962962962965))"
220,"['glob_eq_tlt_corr', 'glob_eq_gld_corr', 'beta_vol_spread', 'trend_consistency', 'vixm_drift']",manhattan,10,0.1,0.3544183075428009,154.41207885742188,0.6099227838288048,"(np.float64(0.9432870370370371), np.float64(0.056712962962962965))"
221,"['glob_eq_tlt_corr', 'glob_eq_gld_corr', 'beta_vol_spread', 'trend_consistency', 'vixm_drift']",correlation,10,0.1,0.185847207903862,91.10777282714844,1.0245113402908814,"(np.float64(0.9259259259259259), np.float64(0.07407407407407407))"
222,"['glob_eq_tlt_corr', 'glob_eq_gld_corr', 'beta_vol_spread', 'trend_consistency', 'vixm_drift']",euclidean,10,0.2,0.42054861783981323,208.8472442626953,0.536685462312912,"(np.float64(0.9432870370370371), np.float64(0.056712962962962965))"
223,"['glob_eq_tlt_corr', 'glob_eq_gld_corr', 'beta_vol_spread', 'trend_consistency', 'vixm_drift']",manhattan,10,0.2,0.4310348331928253,205.3548126220703,0.5406986713233168,"(np.float64(0.9432870370370371), np.float64(0.056712962962962965))"
224,"['glob_eq_tlt_corr', 'glob_eq_gld_corr', 'beta_vol_spread', 'trend_consistency', 'vixm_drift']",correlation,10,0.2,0.14557680487632751,72.71112823486328,1.1698964251672914,"(np.float64(0.9259259259259259), np.float64(0.07407407407407407))"
225,"['glob_eq_tlt_corr', 'glob_eq_gld_corr', 'beta_vol_spread', 'trend_consistency', 'vixm_drift']",euclidean,20,0.01,0.43502533435821533,847.0374145507812,0.9472259105803288,"(np.float64(0.45601851851851855), np.float64(0.5439814814814815))"
226,"['glob_eq_tlt_corr', 'glob_eq_gld_corr', 'beta_vol_spread', 'trend_consistency', 'vixm_drift']",manhattan,20,0.01,0.3724336624145508,141.52996826171875,0.5566867164818622,"(np.float64(0.9513888888888888), np.float64(0.04861111111111111))"
227,"['glob_eq_tlt_corr', 'glob_eq_gld_corr', 'beta_vol_spread', 'trend_consistency', 'vixm_drift']",correlation,20,0.01,0.3964715301990509,689.5108642578125,1.0722312801502416,"(np.float64(0.5046296296296297), np.float64(0.49537037037037035))"
228,"['glob_eq_tlt_corr', 'glob_eq_gld_corr', 'beta_vol_spread', 'trend_consistency', 'vixm_drift']",euclidean,20,0.1,0.3543643355369568,173.18841552734375,0.5878831869488003,"(np.float64(0.9432870370370371), np.float64(0.056712962962962965))"
229,"['glob_eq_tlt_corr', 'glob_eq_gld_corr', 'beta_vol_spread', 'trend_consistency', 'vixm_drift']",manhattan,20,0.1,0.45548778772354126,774.4652709960938,0.7314551322135076,"(np.float64(0.25), np.float64(0.75))"
230,"['glob_eq_tlt_corr', 'glob_eq_gld_corr', 'beta_vol_spread', 'trend_consistency', 'vixm_drift']",correlation,20,0.1,0.150142103433609,101.9002914428711,1.3826482525908004,"(np.float64(0.8865740740740741), np.float64(0.11342592592592593))"
231,"['glob_eq_tlt_corr', 'glob_eq_gld_corr', 'beta_vol_spread', 'trend_consistency', 'vixm_drift']",euclidean,20,0.2,0.3522483706474304,539.0430297851562,1.1941364556625447,"(np.float64(0.5138888888888888), np.float64(0.4861111111111111))"
232,"['glob_eq_tlt_corr', 'glob_eq_gld_corr', 'beta_vol_spread', 'trend_consistency', 'vixm_drift']",manhattan,20,0.2,0.40650686621665955,624.8428344726562,0.8278150325226882,"(np.float64(0.2523148148148148), np.float64(0.7476851851851852))"
233,"['glob_eq_tlt_corr', 'glob_eq_gld_corr', 'beta_vol_spread', 'trend_consistency', 'vixm_drift']",correlation,20,0.2,0.31307557225227356,447.14410400390625,1.2572559398996153,"(np.float64(0.6296296296296297), np.float64(0.37037037037037035))"
234,"['glob_eq_tlt_corr', 'glob_eq_gld_corr', 'beta_vol_spread', 'trend_consistency', 'vixm_drift']",euclidean,40,0.01,0.4385913610458374,807.4539794921875,0.8885438069951134,"(np.float64(0.3576388888888889), np.float64(0.6423611111111112))"
235,"['glob_eq_tlt_corr', 'glob_eq_gld_corr', 'beta_vol_spread', 'trend_consistency', 'vixm_drift']",manhattan,40,0.01,0.42552411556243896,801.3271484375,0.9298542973260591,"(np.float64(0.6122685185185185), np.float64(0.38773148148148145))"
236,"['glob_eq_tlt_corr', 'glob_eq_gld_corr', 'beta_vol_spread', 'trend_consistency', 'vixm_drift']",correlation,40,0.01,0.2940797209739685,352.3601379394531,1.14825965030351,"(np.float64(0.7511574074074074), np.float64(0.2488425925925926))"
237,"['glob_eq_tlt_corr', 'glob_eq_gld_corr', 'beta_vol_spread', 'trend_consistency', 'vixm_drift']",euclidean,40,0.1,0.40886053442955017,670.9364624023438,0.9310076919255753,"(np.float64(0.31712962962962965), np.float64(0.6828703703703703))"
238,"['glob_eq_tlt_corr', 'glob_eq_gld_corr', 'beta_vol_spread', 'trend_consistency', 'vixm_drift']",manhattan,40,0.1,0.39461609721183777,622.893798828125,0.9056863735453251,"(np.float64(0.2847222222222222), np.float64(0.7152777777777778))"
239,"['glob_eq_tlt_corr', 'glob_eq_gld_corr', 'beta_vol_spread', 'trend_consistency', 'vixm_drift']",correlation,40,0.1,0.3218023478984833,475.6164245605469,1.2090043127216288,"(np.float64(0.6331018518518519), np.float64(0.36689814814814814))"
240,"['glob_eq_tlt_corr', 'glob_eq_gld_corr', 'beta_vol_spread', 'trend_consistency', 'vixm_drift']",euclidean,40,0.2,0.37728506326675415,576.9597778320312,1.0085172853339863,"(np.float64(0.31712962962962965), np.float64(0.6828703703703703))"
241,"['glob_eq_tlt_corr', 'glob_eq_gld_corr', 'beta_vol_spread', 'trend_consistency', 'vixm_drift']",manhattan,40,0.2,0.2722528576850891,109.20889282226562,0.7627844039052125,"(np.float64(0.9432870370370371), np.float64(0.056712962962962965))"
242,"['glob_eq_tlt_corr', 'glob_eq_gld_corr', 'beta_vol_spread', 'trend_consistency', 'vixm_drift']",correlation,40,0.2,0.3548033535480499,588.3240356445312,1.1659080651837779,"(np.float64(0.47800925925925924), np.float64(0.5219907407407407))"
243,"['glob_eq_tlt_corr', 'glob_eq_gld_corr', 'beta_vol_spread', 'vol_asymmetry', 'higher_high_consistency']",euclidean,10,0.01,0.43401068449020386,91.15000915527344,0.44482669870241953,"(np.float64(0.9768518518518519), np.float64(0.023148148148148147))"
244,"['glob_eq_tlt_corr', 'glob_eq_gld_corr', 'beta_vol_spread', 'vol_asymmetry', 'higher_high_consistency']",manhattan,10,0.01,0.545701265335083,161.10501098632812,0.33223228544113664,"(np.float64(0.9768518518518519), np.float64(0.023148148148148147))"
245,"['glob_eq_tlt_corr', 'glob_eq_gld_corr', 'beta_vol_spread', 'vol_asymmetry', 'higher_high_consistency']",correlation,10,0.01,0.19778750836849213,136.6344451904297,1.0441696950533919,"(np.float64(0.8819444444444444), np.float64(0.11805555555555555))"
246,"['glob_eq_tlt_corr', 'glob_eq_gld_corr', 'beta_vol_spread', 'vol_asymmetry', 'higher_high_consistency']",euclidean,10,0.1,0.15883786976337433,34.747901916503906,0.7737013666671104,"(np.float64(0.9745370370370371), np.float64(0.02546296296296296))"
247,"['glob_eq_tlt_corr', 'glob_eq_gld_corr', 'beta_vol_spread', 'vol_asymmetry', 'higher_high_consistency']",manhattan,10,0.1,0.6283469796180725,249.58905029296875,0.27390508476644426,"(np.float64(0.9768518518518519), np.float64(0.023148148148148147))"
248,"['glob_eq_tlt_corr', 'glob_eq_gld_corr', 'beta_vol_spread', 'vol_asymmetry', 'higher_high_consistency']",correlation,10,0.1,0.25671225786209106,278.6910095214844,1.543375841869617,"(np.float64(0.6273148148148148), np.float64(0.3726851851851852))"
249,"['glob_eq_tlt_corr', 'glob_eq_gld_corr', 'beta_vol_spread', 'vol_asymmetry', 'higher_high_consistency']",euclidean,10,0.2,0.15758563578128815,38.64893341064453,0.7634507478415625,"(np.float64(0.9745370370370371), np.float64(0.02546296296296296))"
250,"['glob_eq_tlt_corr', 'glob_eq_gld_corr', 'beta_vol_spread', 'vol_asymmetry', 'higher_high_consistency']",manhattan,10,0.2,0.44669821858406067,106.1885757446289,0.42756182238928225,"(np.float64(0.9768518518518519), np.float64(0.023148148148148147))"
251,"['glob_eq_tlt_corr', 'glob_eq_gld_corr', 'beta_vol_spread', 'vol_asymmetry', 'higher_high_consistency']",correlation,10,0.2,0.3431031405925751,494.7618408203125,1.251089301105928,"(np.float64(0.5648148148148148), np.float64(0.4351851851851852))"
252,"['glob_eq_tlt_corr', 'glob_eq_gld_corr', 'beta_vol_spread', 'vol_asymmetry', 'higher_high_consistency']",euclidean,20,0.01,0.42240291833877563,654.7951049804688,0.9181848753983147,"(np.float64(0.30439814814814814), np.float64(0.6956018518518519))"
253,"['glob_eq_tlt_corr', 'glob_eq_gld_corr', 'beta_vol_spread', 'vol_asymmetry', 'higher_high_consistency']",manhattan,20,0.01,0.4119682312011719,492.9899597167969,0.6279853781892757,"(np.float64(0.14930555555555555), np.float64(0.8506944444444444))"
254,"['glob_eq_tlt_corr', 'glob_eq_gld_corr', 'beta_vol_spread', 'vol_asymmetry', 'higher_high_consistency']",correlation,20,0.01,0.20413023233413696,145.3536834716797,1.1209117239145336,"(np.float64(0.8599537037037037), np.float64(0.1400462962962963))"
255,"['glob_eq_tlt_corr', 'glob_eq_gld_corr', 'beta_vol_spread', 'vol_asymmetry', 'higher_high_consistency']",euclidean,20,0.1,0.4180075228214264,641.9650268554688,0.9228475994422495,"(np.float64(0.30092592592592593), np.float64(0.6990740740740741))"
256,"['glob_eq_tlt_corr', 'glob_eq_gld_corr', 'beta_vol_spread', 'vol_asymmetry', 'higher_high_consistency']",manhattan,20,0.1,0.34840428829193115,360.3018798828125,0.7618500792029589,"(np.float64(0.15046296296296297), np.float64(0.8495370370370371))"
257,"['glob_eq_tlt_corr', 'glob_eq_gld_corr', 'beta_vol_spread', 'vol_asymmetry', 'higher_high_consistency']",correlation,20,0.1,0.28586259484291077,329.1983642578125,1.2812291144135766,"(np.float64(0.7256944444444444), np.float64(0.2743055555555556))"
258,"['glob_eq_tlt_corr', 'glob_eq_gld_corr', 'beta_vol_spread', 'vol_asymmetry', 'higher_high_consistency']",euclidean,20,0.2,0.38773438334465027,566.5813598632812,0.986042784394995,"(np.float64(0.29282407407407407), np.float64(0.7071759259259259))"
259,"['glob_eq_tlt_corr', 'glob_eq_gld_corr', 'beta_vol_spread', 'vol_asymmetry', 'higher_high_consistency']",manhattan,20,0.2,0.3735935688018799,546.5903930664062,1.004288792213369,"(np.float64(0.28587962962962965), np.float64(0.7141203703703703))"
260,"['glob_eq_tlt_corr', 'glob_eq_gld_corr', 'beta_vol_spread', 'vol_asymmetry', 'higher_high_consistency']",correlation,20,0.2,0.3070099353790283,375.3786315917969,1.1754629781026038,"(np.float64(0.7407407407407407), np.float64(0.25925925925925924))"
261,"['glob_eq_tlt_corr', 'glob_eq_gld_corr', 'beta_vol_spread', 'vol_asymmetry', 'higher_high_consistency']",euclidean,40,0.01,0.44288724660873413,684.3099975585938,0.8913237685238762,"(np.float64(0.2951388888888889), np.float64(0.7048611111111112))"
262,"['glob_eq_tlt_corr', 'glob_eq_gld_corr', 'beta_vol_spread', 'vol_asymmetry', 'higher_high_consistency']",manhattan,40,0.01,0.4182389974594116,577.7770385742188,1.0022347521567743,"(np.float64(0.29050925925925924), np.float64(0.7094907407407407))"
263,"['glob_eq_tlt_corr', 'glob_eq_gld_corr', 'beta_vol_spread', 'vol_asymmetry', 'higher_high_consistency']",correlation,40,0.01,0.13722869753837585,93.87088012695312,1.9285358469815261,"(np.float64(0.7916666666666666), np.float64(0.20833333333333334))"
264,"['glob_eq_tlt_corr', 'glob_eq_gld_corr', 'beta_vol_spread', 'vol_asymmetry', 'higher_high_consistency']",euclidean,40,0.1,0.42712149024009705,695.8838500976562,0.9223173714246102,"(np.float64(0.2951388888888889), np.float64(0.7048611111111112))"
265,"['glob_eq_tlt_corr', 'glob_eq_gld_corr', 'beta_vol_spread', 'vol_asymmetry', 'higher_high_consistency']",manhattan,40,0.1,0.39691489934921265,568.7681884765625,1.0278786745346609,"(np.float64(0.29398148148148145), np.float64(0.7060185185185185))"
266,"['glob_eq_tlt_corr', 'glob_eq_gld_corr', 'beta_vol_spread', 'vol_asymmetry', 'higher_high_consistency']",correlation,40,0.1,0.2789178490638733,307.42059326171875,1.5502578538332772,"(np.float64(0.6099537037037037), np.float64(0.3900462962962963))"
267,"['glob_eq_tlt_corr', 'glob_eq_gld_corr', 'beta_vol_spread', 'vol_asymmetry', 'higher_high_consistency']",euclidean,40,0.2,0.3532561659812927,464.9286193847656,1.11562983885103,"(np.float64(0.2974537037037037), np.float64(0.7025462962962963))"
268,"['glob_eq_tlt_corr', 'glob_eq_gld_corr', 'beta_vol_spread', 'vol_asymmetry', 'higher_high_consistency']",manhattan,40,0.2,0.3626735806465149,472.9408264160156,1.1302486543657904,"(np.float64(0.29282407407407407), np.float64(0.7071759259259259))"
269,"['glob_eq_tlt_corr', 'glob_eq_gld_corr', 'beta_vol_spread', 'vol_asymmetry', 'higher_high_consistency']",correlation,40,0.2,0.3676498532295227,585.2042846679688,1.1322641432534029,"(np.float64(0.41898148148148145), np.float64(0.5810185185185185))"
270,"['glob_eq_tlt_corr', 'glob_eq_gld_corr', 'beta_vol_spread', 'vol_asymmetry', 'volume_trend_divergence']",euclidean,10,0.01,0.4412383437156677,419.27801513671875,0.6567347634682873,"(np.float64(0.8564814814814815), np.float64(0.14351851851851852))"
271,"['glob_eq_tlt_corr', 'glob_eq_gld_corr', 'beta_vol_spread', 'vol_asymmetry', 'volume_trend_divergence']",manhattan,10,0.01,0.45748046040534973,88.94622039794922,0.43083224153843214,"(np.float64(0.9768518518518519), np.float64(0.023148148148148147))"
272,"['glob_eq_tlt_corr', 'glob_eq_gld_corr', 'beta_vol_spread', 'vol_asymmetry', 'volume_trend_divergence']",correlation,10,0.01,0.2904824912548065,282.1242980957031,1.3110931377249466,"(np.float64(0.7083333333333334), np.float64(0.2916666666666667))"
273,"['glob_eq_tlt_corr', 'glob_eq_gld_corr', 'beta_vol_spread', 'vol_asymmetry', 'volume_trend_divergence']",euclidean,10,0.1,0.3441208004951477,251.48854064941406,0.8285378899608573,"(np.float64(0.8564814814814815), np.float64(0.14351851851851852))"
274,"['glob_eq_tlt_corr', 'glob_eq_gld_corr', 'beta_vol_spread', 'vol_asymmetry', 'volume_trend_divergence']",manhattan,10,0.1,0.5021395683288574,103.52098846435547,0.39493134297415494,"(np.float64(0.9780092592592593), np.float64(0.02199074074074074))"
275,"['glob_eq_tlt_corr', 'glob_eq_gld_corr', 'beta_vol_spread', 'vol_asymmetry', 'volume_trend_divergence']",correlation,10,0.1,0.2594658434391022,231.67236328125,1.3661317876800543,"(np.float64(0.7303240740740741), np.float64(0.26967592592592593))"
276,"['glob_eq_tlt_corr', 'glob_eq_gld_corr', 'beta_vol_spread', 'vol_asymmetry', 'volume_trend_divergence']",euclidean,10,0.2,0.6344125270843506,203.12716674804688,0.2848570498801006,"(np.float64(0.9780092592592593), np.float64(0.02199074074074074))"
277,"['glob_eq_tlt_corr', 'glob_eq_gld_corr', 'beta_vol_spread', 'vol_asymmetry', 'volume_trend_divergence']",manhattan,10,0.2,0.40349501371383667,80.53182220458984,0.46994524007170624,"(np.float64(0.9768518518518519), np.float64(0.023148148148148147))"
278,"['glob_eq_tlt_corr', 'glob_eq_gld_corr', 'beta_vol_spread', 'vol_asymmetry', 'volume_trend_divergence']",correlation,10,0.2,0.3771629333496094,473.7713623046875,1.024388794978024,"(np.float64(0.24768518518518517), np.float64(0.7523148148148148))"
279,"['glob_eq_tlt_corr', 'glob_eq_gld_corr', 'beta_vol_spread', 'vol_asymmetry', 'volume_trend_divergence']",euclidean,20,0.01,0.5374345183372498,145.49769592285156,0.350144299512869,"(np.float64(0.9768518518518519), np.float64(0.023148148148148147))"
280,"['glob_eq_tlt_corr', 'glob_eq_gld_corr', 'beta_vol_spread', 'vol_asymmetry', 'volume_trend_divergence']",manhattan,20,0.01,0.414478063583374,84.4228744506836,0.4596749927719417,"(np.float64(0.9768518518518519), np.float64(0.023148148148148147))"
281,"['glob_eq_tlt_corr', 'glob_eq_gld_corr', 'beta_vol_spread', 'vol_asymmetry', 'volume_trend_divergence']",correlation,20,0.01,0.4178207516670227,719.9216918945312,1.0253706356433787,"(np.float64(0.4861111111111111), np.float64(0.5138888888888888))"
282,"['glob_eq_tlt_corr', 'glob_eq_gld_corr', 'beta_vol_spread', 'vol_asymmetry', 'volume_trend_divergence']",euclidean,20,0.1,0.4816313087940216,125.89358520507812,0.38179483573969203,"(np.float64(0.9768518518518519), np.float64(0.023148148148148147))"
283,"['glob_eq_tlt_corr', 'glob_eq_gld_corr', 'beta_vol_spread', 'vol_asymmetry', 'volume_trend_divergence']",manhattan,20,0.1,0.36667439341545105,83.807373046875,0.47394579708483503,"(np.float64(0.9768518518518519), np.float64(0.023148148148148147))"
284,"['glob_eq_tlt_corr', 'glob_eq_gld_corr', 'beta_vol_spread', 'vol_asymmetry', 'volume_trend_divergence']",correlation,20,0.1,0.3508266806602478,435.4670715332031,1.001568400409924,"(np.float64(0.25462962962962965), np.float64(0.7453703703703703))"
285,"['glob_eq_tlt_corr', 'glob_eq_gld_corr', 'beta_vol_spread', 'vol_asymmetry', 'volume_trend_divergence']",euclidean,20,0.2,0.42578721046447754,88.63668060302734,0.46775834233155983,"(np.float64(0.9768518518518519), np.float64(0.023148148148148147))"
286,"['glob_eq_tlt_corr', 'glob_eq_gld_corr', 'beta_vol_spread', 'vol_asymmetry', 'volume_trend_divergence']",manhattan,20,0.2,0.3199160099029541,62.43600845336914,0.5600537002832779,"(np.float64(0.9768518518518519), np.float64(0.023148148148148147))"
287,"['glob_eq_tlt_corr', 'glob_eq_gld_corr', 'beta_vol_spread', 'vol_asymmetry', 'volume_trend_divergence']",correlation,20,0.2,0.32506582140922546,381.9954528808594,1.1078319592939523,"(np.float64(0.2523148148148148), np.float64(0.7476851851851852))"
288,"['glob_eq_tlt_corr', 'glob_eq_gld_corr', 'beta_vol_spread', 'vol_asymmetry', 'volume_trend_divergence']",euclidean,40,0.01,0.3129833936691284,57.42694091796875,0.573915080232112,"(np.float64(0.9768518518518519), np.float64(0.023148148148148147))"
289,"['glob_eq_tlt_corr', 'glob_eq_gld_corr', 'beta_vol_spread', 'vol_asymmetry', 'volume_trend_divergence']",manhattan,40,0.01,0.262716144323349,52.70466232299805,0.6537514750099374,"(np.float64(0.9733796296296297), np.float64(0.02662037037037037))"
290,"['glob_eq_tlt_corr', 'glob_eq_gld_corr', 'beta_vol_spread', 'vol_asymmetry', 'volume_trend_divergence']",correlation,40,0.01,0.4275656044483185,742.0106811523438,1.0170664777329845,"(np.float64(0.49074074074074076), np.float64(0.5092592592592593))"
291,"['glob_eq_tlt_corr', 'glob_eq_gld_corr', 'beta_vol_spread', 'vol_asymmetry', 'volume_trend_divergence']",euclidean,40,0.1,0.32132861018180847,61.77664566040039,0.5682714938807414,"(np.float64(0.9768518518518519), np.float64(0.023148148148148147))"
292,"['glob_eq_tlt_corr', 'glob_eq_gld_corr', 'beta_vol_spread', 'vol_asymmetry', 'volume_trend_divergence']",manhattan,40,0.1,0.26149335503578186,55.725196838378906,0.6524023573838024,"(np.float64(0.9733796296296297), np.float64(0.02662037037037037))"
293,"['glob_eq_tlt_corr', 'glob_eq_gld_corr', 'beta_vol_spread', 'vol_asymmetry', 'volume_trend_divergence']",correlation,40,0.1,0.3658897876739502,459.5131530761719,0.9692490842921153,"(np.float64(0.2511574074074074), np.float64(0.7488425925925926))"
294,"['glob_eq_tlt_corr', 'glob_eq_gld_corr', 'beta_vol_spread', 'vol_asymmetry', 'volume_trend_divergence']",euclidean,40,0.2,0.3247394561767578,64.7937240600586,0.5695724151966505,"(np.float64(0.9768518518518519), np.float64(0.023148148148148147))"
295,"['glob_eq_tlt_corr', 'glob_eq_gld_corr', 'beta_vol_spread', 'vol_asymmetry', 'volume_trend_divergence']",manhattan,40,0.2,0.2117626816034317,47.858341217041016,0.733576856062946,"(np.float64(0.9733796296296297), np.float64(0.02662037037037037))"
296,"['glob_eq_tlt_corr', 'glob_eq_gld_corr', 'beta_vol_spread', 'vol_asymmetry', 'volume_trend_divergence']",correlation,40,0.2,0.3748578429222107,603.590576171875,1.152985132609655,"(np.float64(0.49074074074074076), np.float64(0.5092592592592593))"
297,"['glob_eq_tlt_corr', 'glob_eq_gld_corr', 'beta_vol_spread', 'vol_asymmetry', 'vixm_drift']",euclidean,10,0.01,0.3725024461746216,61.812469482421875,1.2852499004632676,"(np.float64(0.9594907407407407), np.float64(0.04050925925925926))"
298,"['glob_eq_tlt_corr', 'glob_eq_gld_corr', 'beta_vol_spread', 'vol_asymmetry', 'vixm_drift']",manhattan,10,0.01,0.10696596652269363,7.789303302764893,0.7823280529835384,"(np.float64(0.9930555555555556), np.float64(0.006944444444444444))"
299,"['glob_eq_tlt_corr', 'glob_eq_gld_corr', 'beta_vol_spread', 'vol_asymmetry', 'vixm_drift']",correlation,10,0.01,0.39823052287101746,442.103515625,0.8662844747113796,"(np.float64(0.8067129629629629), np.float64(0.19328703703703703))"
300,"['glob_eq_tlt_corr', 'glob_eq_gld_corr', 'beta_vol_spread', 'vol_asymmetry', 'vixm_drift']",euclidean,10,0.1,0.2910776436328888,16.491172790527344,0.5412294270586465,"(np.float64(0.9930555555555556), np.float64(0.006944444444444444))"
301,"['glob_eq_tlt_corr', 'glob_eq_gld_corr', 'beta_vol_spread', 'vol_asymmetry', 'vixm_drift']",manhattan,10,0.1,0.15702685713768005,10.859188079833984,0.6688180101698615,"(np.float64(0.9930555555555556), np.float64(0.006944444444444444))"
302,"['glob_eq_tlt_corr', 'glob_eq_gld_corr', 'beta_vol_spread', 'vol_asymmetry', 'vixm_drift']",correlation,10,0.1,0.3601517081260681,398.93487548828125,0.9333136081188187,"(np.float64(0.8067129629629629), np.float64(0.19328703703703703))"
303,"['glob_eq_tlt_corr', 'glob_eq_gld_corr', 'beta_vol_spread', 'vol_asymmetry', 'vixm_drift']",euclidean,10,0.2,0.341452032327652,19.23050308227539,0.5138334724428779,"(np.float64(0.9930555555555556), np.float64(0.006944444444444444))"
304,"['glob_eq_tlt_corr', 'glob_eq_gld_corr', 'beta_vol_spread', 'vol_asymmetry', 'vixm_drift']",manhattan,10,0.2,0.5264631509780884,173.33383178710938,0.9573546133749277,"(np.float64(0.9548611111111112), np.float64(0.04513888888888889))"
305,"['glob_eq_tlt_corr', 'glob_eq_gld_corr', 'beta_vol_spread', 'vol_asymmetry', 'vixm_drift']",correlation,10,0.2,0.28340649604797363,291.4200134277344,1.3243572868305427,"(np.float64(0.26157407407407407), np.float64(0.7384259259259259))"
306,"['glob_eq_tlt_corr', 'glob_eq_gld_corr', 'beta_vol_spread', 'vol_asymmetry', 'vixm_drift']",euclidean,20,0.01,0.43322256207466125,114.34548950195312,0.4967049522854624,"(np.float64(0.9664351851851852), np.float64(0.03356481481481482))"
307,"['glob_eq_tlt_corr', 'glob_eq_gld_corr', 'beta_vol_spread', 'vol_asymmetry', 'vixm_drift']",manhattan,20,0.01,0.5580381751060486,354.54595947265625,0.4214577057794332,"(np.float64(0.9432870370370371), np.float64(0.056712962962962965))"
308,"['glob_eq_tlt_corr', 'glob_eq_gld_corr', 'beta_vol_spread', 'vol_asymmetry', 'vixm_drift']",correlation,20,0.01,0.3671504259109497,425.9970397949219,0.8224788679509611,"(np.float64(0.8067129629629629), np.float64(0.19328703703703703))"
309,"['glob_eq_tlt_corr', 'glob_eq_gld_corr', 'beta_vol_spread', 'vol_asymmetry', 'vixm_drift']",euclidean,20,0.1,0.4164712131023407,133.90785217285156,0.46326540195311067,"(np.float64(0.9664351851851852), np.float64(0.03356481481481482))"
310,"['glob_eq_tlt_corr', 'glob_eq_gld_corr', 'beta_vol_spread', 'vol_asymmetry', 'vixm_drift']",manhattan,20,0.1,0.5941452980041504,441.9526672363281,0.3989960501223435,"(np.float64(0.9432870370370371), np.float64(0.056712962962962965))"
311,"['glob_eq_tlt_corr', 'glob_eq_gld_corr', 'beta_vol_spread', 'vol_asymmetry', 'vixm_drift']",correlation,20,0.1,0.41005057096481323,633.0765380859375,0.9943887759087007,"(np.float64(0.33796296296296297), np.float64(0.6620370370370371))"
312,"['glob_eq_tlt_corr', 'glob_eq_gld_corr', 'beta_vol_spread', 'vol_asymmetry', 'vixm_drift']",euclidean,20,0.2,0.3263469338417053,98.07964324951172,0.5517286646719017,"(np.float64(0.9664351851851852), np.float64(0.03356481481481482))"
313,"['glob_eq_tlt_corr', 'glob_eq_gld_corr', 'beta_vol_spread', 'vol_asymmetry', 'vixm_drift']",manhattan,20,0.2,0.4985783100128174,275.10400390625,0.5630413820527486,"(np.float64(0.9432870370370371), np.float64(0.056712962962962965))"
314,"['glob_eq_tlt_corr', 'glob_eq_gld_corr', 'beta_vol_spread', 'vol_asymmetry', 'vixm_drift']",correlation,20,0.2,0.2915152311325073,287.22296142578125,1.0707488259396527,"(np.float64(0.8067129629629629), np.float64(0.19328703703703703))"
315,"['glob_eq_tlt_corr', 'glob_eq_gld_corr', 'beta_vol_spread', 'vol_asymmetry', 'vixm_drift']",euclidean,40,0.01,0.26893869042396545,55.55108642578125,0.6015228771638836,"(np.float64(0.9768518518518519), np.float64(0.023148148148148147))"
316,"['glob_eq_tlt_corr', 'glob_eq_gld_corr', 'beta_vol_spread', 'vol_asymmetry', 'vixm_drift']",manhattan,40,0.01,0.337373286485672,86.65355682373047,0.580473875260909,"(np.float64(0.9664351851851852), np.float64(0.03356481481481482))"
317,"['glob_eq_tlt_corr', 'glob_eq_gld_corr', 'beta_vol_spread', 'vol_asymmetry', 'vixm_drift']",correlation,40,0.01,0.372355192899704,541.733154296875,1.127459211774121,"(np.float64(0.3611111111111111), np.float64(0.6388888888888888))"
318,"['glob_eq_tlt_corr', 'glob_eq_gld_corr', 'beta_vol_spread', 'vol_asymmetry', 'vixm_drift']",euclidean,40,0.1,0.39214015007019043,646.5935668945312,1.0541737463033432,"(np.float64(0.6273148148148148), np.float64(0.3726851851851852))"
319,"['glob_eq_tlt_corr', 'glob_eq_gld_corr', 'beta_vol_spread', 'vol_asymmetry', 'vixm_drift']",manhattan,40,0.1,0.29371172189712524,75.86714172363281,0.6351251127817331,"(np.float64(0.9664351851851852), np.float64(0.03356481481481482))"
320,"['glob_eq_tlt_corr', 'glob_eq_gld_corr', 'beta_vol_spread', 'vol_asymmetry', 'vixm_drift']",correlation,40,0.1,0.15283061563968658,76.81170654296875,1.0377791198334685,"(np.float64(0.9305555555555556), np.float64(0.06944444444444445))"
321,"['glob_eq_tlt_corr', 'glob_eq_gld_corr', 'beta_vol_spread', 'vol_asymmetry', 'vixm_drift']",euclidean,40,0.2,0.1782456785440445,46.408531188964844,0.8296977639706953,"(np.float64(0.9664351851851852), np.float64(0.03356481481481482))"
322,"['glob_eq_tlt_corr', 'glob_eq_gld_corr', 'beta_vol_spread', 'vol_asymmetry', 'vixm_drift']",manhattan,40,0.2,0.1994338035583496,51.68169021606445,0.782548656930425,"(np.float64(0.9664351851851852), np.float64(0.03356481481481482))"
323,"['glob_eq_tlt_corr', 'glob_eq_gld_corr', 'beta_vol_spread', 'vol_asymmetry', 'vixm_drift']",correlation,40,0.2,0.36201369762420654,549.7711791992188,1.1129893582328485,"(np.float64(0.34953703703703703), np.float64(0.6504629629629629))"
324,"['glob_eq_tlt_corr', 'glob_eq_gld_corr', 'beta_vol_spread', 'higher_high_consistency', 'volume_trend_divergence']",euclidean,10,0.01,0.3831869661808014,237.6095733642578,0.6320498844764116,"(np.float64(0.9178240740740741), np.float64(0.08217592592592593))"
325,"['glob_eq_tlt_corr', 'glob_eq_gld_corr', 'beta_vol_spread', 'higher_high_consistency', 'volume_trend_divergence']",manhattan,10,0.01,0.46957510709762573,341.3220520019531,0.5226112138392255,"(np.float64(0.9178240740740741), np.float64(0.08217592592592593))"
326,"['glob_eq_tlt_corr', 'glob_eq_gld_corr', 'beta_vol_spread', 'higher_high_consistency', 'volume_trend_divergence']",correlation,10,0.01,0.3381384015083313,278.1795349121094,0.8553620842250245,"(np.float64(0.8495370370370371), np.float64(0.15046296296296297))"
327,"['glob_eq_tlt_corr', 'glob_eq_gld_corr', 'beta_vol_spread', 'higher_high_consistency', 'volume_trend_divergence']",euclidean,10,0.1,0.3926239609718323,106.40714263916016,0.4443635469236569,"(np.float64(0.9745370370370371), np.float64(0.02546296296296296))"
328,"['glob_eq_tlt_corr', 'glob_eq_gld_corr', 'beta_vol_spread', 'higher_high_consistency', 'volume_trend_divergence']",manhattan,10,0.1,0.385590523481369,256.30633544921875,0.6192978251195533,"(np.float64(0.9178240740740741), np.float64(0.08217592592592593))"
329,"['glob_eq_tlt_corr', 'glob_eq_gld_corr', 'beta_vol_spread', 'higher_high_consistency', 'volume_trend_divergence']",correlation,10,0.1,0.36516091227531433,482.3647766113281,1.1020344928059385,"(np.float64(0.6898148148148148), np.float64(0.3101851851851852))"
330,"['glob_eq_tlt_corr', 'glob_eq_gld_corr', 'beta_vol_spread', 'higher_high_consistency', 'volume_trend_divergence']",euclidean,10,0.2,0.17283305525779724,60.97038269042969,0.8353143845841122,"(np.float64(0.9583333333333334), np.float64(0.041666666666666664))"
331,"['glob_eq_tlt_corr', 'glob_eq_gld_corr', 'beta_vol_spread', 'higher_high_consistency', 'volume_trend_divergence']",manhattan,10,0.2,0.39688894152641296,263.6067810058594,0.6378419202669521,"(np.float64(0.9178240740740741), np.float64(0.08217592592592593))"
332,"['glob_eq_tlt_corr', 'glob_eq_gld_corr', 'beta_vol_spread', 'higher_high_consistency', 'volume_trend_divergence']",correlation,10,0.2,0.3019120991230011,339.4521484375,1.1617195132625502,"(np.float64(0.7638888888888888), np.float64(0.2361111111111111))"
333,"['glob_eq_tlt_corr', 'glob_eq_gld_corr', 'beta_vol_spread', 'higher_high_consistency', 'volume_trend_divergence']",euclidean,20,0.01,0.47149911522865295,977.3701782226562,0.8274684922106995,"(np.float64(0.38657407407407407), np.float64(0.6134259259259259))"
334,"['glob_eq_tlt_corr', 'glob_eq_gld_corr', 'beta_vol_spread', 'higher_high_consistency', 'volume_trend_divergence']",manhattan,20,0.01,0.28945523500442505,151.28924560546875,0.8291591837814828,"(np.float64(0.9178240740740741), np.float64(0.08217592592592593))"
335,"['glob_eq_tlt_corr', 'glob_eq_gld_corr', 'beta_vol_spread', 'higher_high_consistency', 'volume_trend_divergence']",correlation,20,0.01,0.2595660090446472,199.86070251464844,0.877381070971747,"(np.float64(0.8842592592592593), np.float64(0.11574074074074074))"
336,"['glob_eq_tlt_corr', 'glob_eq_gld_corr', 'beta_vol_spread', 'higher_high_consistency', 'volume_trend_divergence']",euclidean,20,0.1,0.4032329320907593,710.5645751953125,1.0086014663986103,"(np.float64(0.4305555555555556), np.float64(0.5694444444444444))"
337,"['glob_eq_tlt_corr', 'glob_eq_gld_corr', 'beta_vol_spread', 'higher_high_consistency', 'volume_trend_divergence']",manhattan,20,0.1,0.399906724691391,676.895263671875,0.9850776393329342,"(np.float64(0.3715277777777778), np.float64(0.6284722222222222))"
338,"['glob_eq_tlt_corr', 'glob_eq_gld_corr', 'beta_vol_spread', 'higher_high_consistency', 'volume_trend_divergence']",correlation,20,0.1,0.2697574198246002,213.20790100097656,1.0163768767440609,"(np.float64(0.8564814814814815), np.float64(0.14351851851851852))"
339,"['glob_eq_tlt_corr', 'glob_eq_gld_corr', 'beta_vol_spread', 'higher_high_consistency', 'volume_trend_divergence']",euclidean,20,0.2,0.3719994127750397,613.5807495117188,1.0834361695055033,"(np.float64(0.41782407407407407), np.float64(0.5821759259259259))"
340,"['glob_eq_tlt_corr', 'glob_eq_gld_corr', 'beta_vol_spread', 'higher_high_consistency', 'volume_trend_divergence']",manhattan,20,0.2,0.36478886008262634,571.71435546875,1.083257050664204,"(np.float64(0.3726851851851852), np.float64(0.6273148148148148))"
341,"['glob_eq_tlt_corr', 'glob_eq_gld_corr', 'beta_vol_spread', 'higher_high_consistency', 'volume_trend_divergence']",correlation,20,0.2,0.21649466454982758,176.09188842773438,1.1441307448744218,"(np.float64(0.8530092592592593), np.float64(0.14699074074074073))"
342,"['glob_eq_tlt_corr', 'glob_eq_gld_corr', 'beta_vol_spread', 'higher_high_consistency', 'volume_trend_divergence']",euclidean,40,0.01,0.42413631081581116,744.4693603515625,0.8975854408973453,"(np.float64(0.3368055555555556), np.float64(0.6631944444444444))"
343,"['glob_eq_tlt_corr', 'glob_eq_gld_corr', 'beta_vol_spread', 'higher_high_consistency', 'volume_trend_divergence']",manhattan,40,0.01,0.4464855194091797,902.0630493164062,0.8630076319683985,"(np.float64(0.36226851851851855), np.float64(0.6377314814814815))"
344,"['glob_eq_tlt_corr', 'glob_eq_gld_corr', 'beta_vol_spread', 'higher_high_consistency', 'volume_trend_divergence']",correlation,40,0.01,0.3811165988445282,549.5156860351562,1.1748817847005495,"(np.float64(0.41782407407407407), np.float64(0.5821759259259259))"
345,"['glob_eq_tlt_corr', 'glob_eq_gld_corr', 'beta_vol_spread', 'higher_high_consistency', 'volume_trend_divergence']",euclidean,40,0.1,0.3795417845249176,605.131103515625,1.0065632097404413,"(np.float64(0.3414351851851852), np.float64(0.6585648148148148))"
346,"['glob_eq_tlt_corr', 'glob_eq_gld_corr', 'beta_vol_spread', 'higher_high_consistency', 'volume_trend_divergence']",manhattan,40,0.1,0.41642993688583374,782.455322265625,0.9255845446129561,"(np.float64(0.3587962962962963), np.float64(0.6412037037037037))"
347,"['glob_eq_tlt_corr', 'glob_eq_gld_corr', 'beta_vol_spread', 'higher_high_consistency', 'volume_trend_divergence']",correlation,40,0.1,0.32518768310546875,394.1136169433594,1.042963579995522,"(np.float64(0.7615740740740741), np.float64(0.23842592592592593))"
348,"['glob_eq_tlt_corr', 'glob_eq_gld_corr', 'beta_vol_spread', 'higher_high_consistency', 'volume_trend_divergence']",euclidean,40,0.2,0.3553025722503662,537.418212890625,1.0670992847422462,"(np.float64(0.3333333333333333), np.float64(0.6666666666666666))"
349,"['glob_eq_tlt_corr', 'glob_eq_gld_corr', 'beta_vol_spread', 'higher_high_consistency', 'volume_trend_divergence']",manhattan,40,0.2,0.3964100182056427,710.6400756835938,0.9750141827309627,"(np.float64(0.3599537037037037), np.float64(0.6400462962962963))"
350,"['glob_eq_tlt_corr', 'glob_eq_gld_corr', 'beta_vol_spread', 'higher_high_consistency', 'volume_trend_divergence']",correlation,40,0.2,0.32188931107521057,431.6351013183594,1.32106478152045,"(np.float64(0.5868055555555556), np.float64(0.4131944444444444))"
351,"['glob_eq_tlt_corr', 'glob_eq_gld_corr', 'beta_vol_spread', 'higher_high_consistency', 'vixm_drift']",euclidean,10,0.01,0.5449936985969543,251.1449432373047,0.9881760536642392,"(np.float64(0.9317129629629629), np.float64(0.06828703703703703))"
352,"['glob_eq_tlt_corr', 'glob_eq_gld_corr', 'beta_vol_spread', 'higher_high_consistency', 'vixm_drift']",manhattan,10,0.01,0.6736760139465332,646.7809448242188,0.28827602295122473,"(np.float64(0.9432870370370371), np.float64(0.056712962962962965))"
353,"['glob_eq_tlt_corr', 'glob_eq_gld_corr', 'beta_vol_spread', 'higher_high_consistency', 'vixm_drift']",correlation,10,0.01,0.3623620271682739,422.380859375,1.203344816368582,"(np.float64(0.6261574074074074), np.float64(0.3738425925925926))"
354,"['glob_eq_tlt_corr', 'glob_eq_gld_corr', 'beta_vol_spread', 'higher_high_consistency', 'vixm_drift']",euclidean,10,0.1,0.5536474585533142,357.85491943359375,0.3963951438400023,"(np.float64(0.9432870370370371), np.float64(0.056712962962962965))"
355,"['glob_eq_tlt_corr', 'glob_eq_gld_corr', 'beta_vol_spread', 'higher_high_consistency', 'vixm_drift']",manhattan,10,0.1,0.6397390961647034,561.1362915039062,0.3231019803754209,"(np.float64(0.9432870370370371), np.float64(0.056712962962962965))"
356,"['glob_eq_tlt_corr', 'glob_eq_gld_corr', 'beta_vol_spread', 'higher_high_consistency', 'vixm_drift']",correlation,10,0.1,0.19376999139785767,79.87358093261719,0.8151262266465471,"(np.float64(0.9502314814814815), np.float64(0.04976851851851852))"
357,"['glob_eq_tlt_corr', 'glob_eq_gld_corr', 'beta_vol_spread', 'higher_high_consistency', 'vixm_drift']",euclidean,10,0.2,0.4864393174648285,279.2005920410156,0.46764584270094445,"(np.float64(0.9432870370370371), np.float64(0.056712962962962965))"
358,"['glob_eq_tlt_corr', 'glob_eq_gld_corr', 'beta_vol_spread', 'higher_high_consistency', 'vixm_drift']",manhattan,10,0.2,0.5148354768753052,299.6136474609375,0.45548853515434057,"(np.float64(0.9432870370370371), np.float64(0.056712962962962965))"
359,"['glob_eq_tlt_corr', 'glob_eq_gld_corr', 'beta_vol_spread', 'higher_high_consistency', 'vixm_drift']",correlation,10,0.2,0.3506663143634796,465.7530212402344,1.1852134985340497,"(np.float64(0.6273148148148148), np.float64(0.3726851851851852))"
360,"['glob_eq_tlt_corr', 'glob_eq_gld_corr', 'beta_vol_spread', 'higher_high_consistency', 'vixm_drift']",euclidean,20,0.01,0.5658823251724243,391.66094970703125,0.38076431270145594,"(np.float64(0.9432870370370371), np.float64(0.056712962962962965))"
361,"['glob_eq_tlt_corr', 'glob_eq_gld_corr', 'beta_vol_spread', 'higher_high_consistency', 'vixm_drift']",manhattan,20,0.01,0.5084580183029175,291.48272705078125,0.4413027392723372,"(np.float64(0.9432870370370371), np.float64(0.056712962962962965))"
362,"['glob_eq_tlt_corr', 'glob_eq_gld_corr', 'beta_vol_spread', 'higher_high_consistency', 'vixm_drift']",correlation,20,0.01,0.441319078207016,691.8074340820312,0.8567967661897358,"(np.float64(0.6770833333333334), np.float64(0.3229166666666667))"
363,"['glob_eq_tlt_corr', 'glob_eq_gld_corr', 'beta_vol_spread', 'higher_high_consistency', 'vixm_drift']",euclidean,20,0.1,0.484086811542511,278.4561462402344,0.466077934381534,"(np.float64(0.9432870370370371), np.float64(0.056712962962962965))"
364,"['glob_eq_tlt_corr', 'glob_eq_gld_corr', 'beta_vol_spread', 'higher_high_consistency', 'vixm_drift']",manhattan,20,0.1,0.391766220331192,196.22984313964844,0.5559926658306855,"(np.float64(0.9432870370370371), np.float64(0.056712962962962965))"
365,"['glob_eq_tlt_corr', 'glob_eq_gld_corr', 'beta_vol_spread', 'higher_high_consistency', 'vixm_drift']",correlation,20,0.1,0.4026910364627838,598.3508911132812,1.043477955427647,"(np.float64(0.6261574074074074), np.float64(0.3738425925925926))"
366,"['glob_eq_tlt_corr', 'glob_eq_gld_corr', 'beta_vol_spread', 'higher_high_consistency', 'vixm_drift']",euclidean,20,0.2,0.4240272641181946,219.33035278320312,0.5417519801094518,"(np.float64(0.9432870370370371), np.float64(0.056712962962962965))"
367,"['glob_eq_tlt_corr', 'glob_eq_gld_corr', 'beta_vol_spread', 'higher_high_consistency', 'vixm_drift']",manhattan,20,0.2,0.36683976650238037,177.90191650390625,0.6060323621799898,"(np.float64(0.9432870370370371), np.float64(0.056712962962962965))"
368,"['glob_eq_tlt_corr', 'glob_eq_gld_corr', 'beta_vol_spread', 'higher_high_consistency', 'vixm_drift']",correlation,20,0.2,0.19130685925483704,77.21415710449219,0.8585058754107535,"(np.float64(0.9502314814814815), np.float64(0.04976851851851852))"
369,"['glob_eq_tlt_corr', 'glob_eq_gld_corr', 'beta_vol_spread', 'higher_high_consistency', 'vixm_drift']",euclidean,40,0.01,0.4568234086036682,827.727294921875,0.8328871165161817,"(np.float64(0.33449074074074076), np.float64(0.6655092592592593))"
370,"['glob_eq_tlt_corr', 'glob_eq_gld_corr', 'beta_vol_spread', 'higher_high_consistency', 'vixm_drift']",manhattan,40,0.01,0.3647419214248657,166.64283752441406,0.5854924886317473,"(np.float64(0.9432870370370371), np.float64(0.056712962962962965))"
371,"['glob_eq_tlt_corr', 'glob_eq_gld_corr', 'beta_vol_spread', 'higher_high_consistency', 'vixm_drift']",correlation,40,0.01,0.39278900623321533,546.5145263671875,0.9648195290223821,"(np.float64(0.6770833333333334), np.float64(0.3229166666666667))"
372,"['glob_eq_tlt_corr', 'glob_eq_gld_corr', 'beta_vol_spread', 'higher_high_consistency', 'vixm_drift']",euclidean,40,0.1,0.4155803322792053,677.0654907226562,0.9270647769937602,"(np.float64(0.33564814814814814), np.float64(0.6643518518518519))"
373,"['glob_eq_tlt_corr', 'glob_eq_gld_corr', 'beta_vol_spread', 'higher_high_consistency', 'vixm_drift']",manhattan,40,0.1,0.37126824259757996,518.4130249023438,1.1020727328907451,"(np.float64(0.3599537037037037), np.float64(0.6400462962962963))"
374,"['glob_eq_tlt_corr', 'glob_eq_gld_corr', 'beta_vol_spread', 'higher_high_consistency', 'vixm_drift']",correlation,40,0.1,0.38319066166877747,544.207275390625,0.9849125637781628,"(np.float64(0.6782407407407407), np.float64(0.32175925925925924))"
375,"['glob_eq_tlt_corr', 'glob_eq_gld_corr', 'beta_vol_spread', 'higher_high_consistency', 'vixm_drift']",euclidean,40,0.2,0.39139091968536377,605.03564453125,0.9755096896286347,"(np.float64(0.32407407407407407), np.float64(0.6759259259259259))"
376,"['glob_eq_tlt_corr', 'glob_eq_gld_corr', 'beta_vol_spread', 'higher_high_consistency', 'vixm_drift']",manhattan,40,0.2,0.32944533228874207,152.4320526123047,0.6482740154855048,"(np.float64(0.9432870370370371), np.float64(0.056712962962962965))"
377,"['glob_eq_tlt_corr', 'glob_eq_gld_corr', 'beta_vol_spread', 'higher_high_consistency', 'vixm_drift']",correlation,40,0.2,0.3491491973400116,496.7243347167969,1.1589651214466392,"(np.float64(0.6296296296296297), np.float64(0.37037037037037035))"
378,"['glob_eq_tlt_corr', 'glob_eq_gld_corr', 'beta_vol_spread', 'volume_trend_divergence', 'vixm_drift']",euclidean,10,0.01,0.2619413137435913,59.26577377319336,0.6577320768556618,"(np.float64(0.032407407407407406), np.float64(0.9675925925925926))"
379,"['glob_eq_tlt_corr', 'glob_eq_gld_corr', 'beta_vol_spread', 'volume_trend_divergence', 'vixm_drift']",manhattan,10,0.01,0.40247753262519836,122.68045806884766,0.45232229988103745,"(np.float64(0.032407407407407406), np.float64(0.9675925925925926))"
380,"['glob_eq_tlt_corr', 'glob_eq_gld_corr', 'beta_vol_spread', 'volume_trend_divergence', 'vixm_drift']",correlation,10,0.01,0.3297649919986725,121.71179962158203,0.6266122948027434,"(np.float64(0.9548611111111112), np.float64(0.04513888888888889))"
381,"['glob_eq_tlt_corr', 'glob_eq_gld_corr', 'beta_vol_spread', 'volume_trend_divergence', 'vixm_drift']",euclidean,10,0.1,0.3918752372264862,105.89224243164062,0.509322570181423,"(np.float64(0.032407407407407406), np.float64(0.9675925925925926))"
382,"['glob_eq_tlt_corr', 'glob_eq_gld_corr', 'beta_vol_spread', 'volume_trend_divergence', 'vixm_drift']",manhattan,10,0.1,0.5200820565223694,284.15460205078125,0.4853390416150501,"(np.float64(0.9432870370370371), np.float64(0.056712962962962965))"
383,"['glob_eq_tlt_corr', 'glob_eq_gld_corr', 'beta_vol_spread', 'volume_trend_divergence', 'vixm_drift']",correlation,10,0.1,0.2277742624282837,83.71099853515625,0.7708128867188916,"(np.float64(0.04513888888888889), np.float64(0.9548611111111112))"
384,"['glob_eq_tlt_corr', 'glob_eq_gld_corr', 'beta_vol_spread', 'volume_trend_divergence', 'vixm_drift']",euclidean,10,0.2,0.33245766162872314,78.03714752197266,0.6121925221862746,"(np.float64(0.032407407407407406), np.float64(0.9675925925925926))"
385,"['glob_eq_tlt_corr', 'glob_eq_gld_corr', 'beta_vol_spread', 'volume_trend_divergence', 'vixm_drift']",manhattan,10,0.2,0.5064564347267151,262.69610595703125,0.49931133250405063,"(np.float64(0.9432870370370371), np.float64(0.056712962962962965))"
386,"['glob_eq_tlt_corr', 'glob_eq_gld_corr', 'beta_vol_spread', 'volume_trend_divergence', 'vixm_drift']",correlation,10,0.2,0.35730692744255066,35.012855529785156,0.494076925010508,"(np.float64(0.9895833333333334), np.float64(0.010416666666666666))"
387,"['glob_eq_tlt_corr', 'glob_eq_gld_corr', 'beta_vol_spread', 'volume_trend_divergence', 'vixm_drift']",euclidean,20,0.01,0.40897172689437866,201.50106811523438,0.525596922204172,"(np.float64(0.9432870370370371), np.float64(0.056712962962962965))"
388,"['glob_eq_tlt_corr', 'glob_eq_gld_corr', 'beta_vol_spread', 'volume_trend_divergence', 'vixm_drift']",manhattan,20,0.01,0.4070287346839905,184.84852600097656,0.5445758355741518,"(np.float64(0.9432870370370371), np.float64(0.056712962962962965))"
389,"['glob_eq_tlt_corr', 'glob_eq_gld_corr', 'beta_vol_spread', 'volume_trend_divergence', 'vixm_drift']",correlation,20,0.01,0.18344323337078094,63.8072624206543,0.8755299548496793,"(np.float64(0.04513888888888889), np.float64(0.9548611111111112))"
390,"['glob_eq_tlt_corr', 'glob_eq_gld_corr', 'beta_vol_spread', 'volume_trend_divergence', 'vixm_drift']",euclidean,20,0.1,0.45353278517723083,235.9556427001953,0.4929910429678377,"(np.float64(0.9432870370370371), np.float64(0.056712962962962965))"
391,"['glob_eq_tlt_corr', 'glob_eq_gld_corr', 'beta_vol_spread', 'volume_trend_divergence', 'vixm_drift']",manhattan,20,0.1,0.416374146938324,192.3822479248047,0.5443457468454634,"(np.float64(0.9432870370370371), np.float64(0.056712962962962965))"
392,"['glob_eq_tlt_corr', 'glob_eq_gld_corr', 'beta_vol_spread', 'volume_trend_divergence', 'vixm_drift']",correlation,20,0.1,0.21950000524520874,75.98030853271484,0.8137777915055318,"(np.float64(0.04513888888888889), np.float64(0.9548611111111112))"
393,"['glob_eq_tlt_corr', 'glob_eq_gld_corr', 'beta_vol_spread', 'volume_trend_divergence', 'vixm_drift']",euclidean,20,0.2,0.3922184109687805,180.87889099121094,0.5945217951135344,"(np.float64(0.9432870370370371), np.float64(0.056712962962962965))"
394,"['glob_eq_tlt_corr', 'glob_eq_gld_corr', 'beta_vol_spread', 'volume_trend_divergence', 'vixm_drift']",manhattan,20,0.2,0.3028582036495209,124.4393081665039,0.7019635087655097,"(np.float64(0.9432870370370371), np.float64(0.056712962962962965))"
395,"['glob_eq_tlt_corr', 'glob_eq_gld_corr', 'beta_vol_spread', 'volume_trend_divergence', 'vixm_drift']",correlation,20,0.2,0.15053662657737732,58.63266372680664,0.958898270334253,"(np.float64(0.04513888888888889), np.float64(0.9548611111111112))"
396,"['glob_eq_tlt_corr', 'glob_eq_gld_corr', 'beta_vol_spread', 'volume_trend_divergence', 'vixm_drift']",euclidean,40,0.01,0.4400191009044647,882.1036376953125,0.900195712900337,"(np.float64(0.41898148148148145), np.float64(0.5810185185185185))"
397,"['glob_eq_tlt_corr', 'glob_eq_gld_corr', 'beta_vol_spread', 'volume_trend_divergence', 'vixm_drift']",manhattan,40,0.01,0.47750821709632874,1105.6607666015625,0.7792246743503856,"(np.float64(0.3773148148148148), np.float64(0.6226851851851852))"
398,"['glob_eq_tlt_corr', 'glob_eq_gld_corr', 'beta_vol_spread', 'volume_trend_divergence', 'vixm_drift']",correlation,40,0.01,0.2789596915245056,124.87055969238281,0.6246401342013355,"(np.float64(0.04513888888888889), np.float64(0.9548611111111112))"
399,"['glob_eq_tlt_corr', 'glob_eq_gld_corr', 'beta_vol_spread', 'volume_trend_divergence', 'vixm_drift']",euclidean,40,0.1,0.29077014327049255,119.81537628173828,0.7151828369685367,"(np.float64(0.9432870370370371), np.float64(0.056712962962962965))"
400,"['glob_eq_tlt_corr', 'glob_eq_gld_corr', 'beta_vol_spread', 'volume_trend_divergence', 'vixm_drift']",manhattan,40,0.1,0.46663516759872437,1005.9214477539062,0.8105623469812967,"(np.float64(0.3611111111111111), np.float64(0.6388888888888888))"
401,"['glob_eq_tlt_corr', 'glob_eq_gld_corr', 'beta_vol_spread', 'volume_trend_divergence', 'vixm_drift']",correlation,40,0.1,0.1777505725622177,68.05278778076172,0.8625218691578026,"(np.float64(0.04513888888888889), np.float64(0.9548611111111112))"
402,"['glob_eq_tlt_corr', 'glob_eq_gld_corr', 'beta_vol_spread', 'volume_trend_divergence', 'vixm_drift']",euclidean,40,0.2,0.4030064344406128,733.007080078125,0.9536902689517108,"(np.float64(0.36342592592592593), np.float64(0.6365740740740741))"
403,"['glob_eq_tlt_corr', 'glob_eq_gld_corr', 'beta_vol_spread', 'volume_trend_divergence', 'vixm_drift']",manhattan,40,0.2,0.4241786599159241,838.068359375,0.910080053055763,"(np.float64(0.375), np.float64(0.625))"
404,"['glob_eq_tlt_corr', 'glob_eq_gld_corr', 'beta_vol_spread', 'volume_trend_divergence', 'vixm_drift']",correlation,40,0.2,0.09437893331050873,47.9595832824707,1.0622431814136388,"(np.float64(0.04513888888888889), np.float64(0.9548611111111112))"
